"title","sources","state","session","action_dates","id","bill_id"
"AN ACT CONCERNING MUNICIPALITIES AND UNMANNED AIRCRAFT.","[{""url"":""ftp://ftp.cga.ct.gov/pub/data/bill_info.csv""},{""url"":""http://www.cga.ct.gov/asp/cgabillstatus/cgabillstatus.asp?selBillType=Bill&bill_num=SB975&which_year=2017""}]","ct","2017","{""last"":""2017-06-13 00:00:00"",""signed"":null}","CTB00016903","SB 975"
"AN ACT CONCERNING STALKING WITH AN UNMANNED AERIAL VEHICLE.","[{""url"":""ftp://ftp.cga.ct.gov/pub/data/bill_info.csv""},{""url"":""http://www.cga.ct.gov/asp/cgabillstatus/cgabillstatus.asp?selBillType=Bill&bill_num=HB6450&which_year=2017""}]","ct","2017","{""last"":""2017-01-23 00:00:00"",""signed"":null}","CTB00015617","HB 6450"
"AN ACT CONCERNING THE USE OF AN UNMANNED AERIAL VEHICLE.","[{""url"":""ftp://ftp.cga.ct.gov/pub/data/bill_info.csv""},{""url"":""http://www.cga.ct.gov/asp/cgabillstatus/cgabillstatus.asp?selBillType=Bill&bill_num=HB6195&which_year=2017""}]","ct","2017","{""last"":""2017-01-20 00:00:00"",""signed"":null}","CTB00015262","HB 6195"
"Bill History for House File 2154Journal Actions Only Floor Managers: Kerr Lobbyist Declarations All Related Bills to Selected Bill LSB 5259YCHSB518 By COMMITTEE ON PUBLIC SAFETY A bill for an act relating to operating an unmanned aerial vehicle in, on, or above a county jail, municipal holding facility, detention facility for juveniles, community-based correctional facility, or institution under the management of the department of corrections, and providing penalties. (Formerly HSB 518.)","[{""url"":""https://www.legis.iowa.gov/legislation/billTracking/billHistory?billName=HF 2154&ga=87""}]","ia","2017-2018","{""last"":""2018-03-15 00:00:00"",""signed"":null}","IAB00010506","HF 2154"
"Bill History for House Study Bill 518Journal Actions Only Floor Managers: Kerr Lobbyist Declarations All Related Bills to Selected Bill LSB 5259HVHF2154 By COMMITTEE ON PUBLIC SAFETY A bill for an act relating to operating an unmanned aerial vehicle in, on, or above a county jail, municipal holding facility, detention facility for juveniles, or institution under the management of the department of corrections, and providing penalties. (See HF 2154.)","[{""url"":""https://www.legis.iowa.gov/legislation/billTracking/billHistory?billName=HSB 518&ga=87""}]","ia","2017-2018","{""last"":""2018-01-18 00:00:00"",""signed"":null}","IAB00010215","HSB 518"
"Bill History for House File 589Journal Actions Only Floor Managers: Klein Lobbyist Declarations All Related Bills to Selected Bill LSB 2007YCHSB88 By COMMITTEE ON PUBLIC SAFETY A bill for an act relating to the use of unmanned aerial vehicles, and providing penalties. (Formerly HSB 88.)","[{""url"":""https://www.legis.iowa.gov/legislation/billTracking/billHistory?billName=HF 589&ga=87""}]","ia","2017-2018","{""last"":""2017-04-04 00:00:00"",""signed"":null}","IAB00009778","HF 589"
"Bill History for House Study Bill 88Journal Actions Only Floor Managers: Klein Lobbyist Declarations All Related Bills to Selected Bill LSB 2007HVHF589 By COMMITTEE ON PUBLIC SAFETY A bill for an act relating to the use of unmanned aerial vehicles, and providing penalties. (See HF 589.)","[{""url"":""https://www.legis.iowa.gov/legislation/billTracking/billHistory?billName=HSB 88&ga=87""}]","ia","2017-2018","{""last"":""2017-03-01 00:00:00"",""signed"":null}","IAB00009046","HSB 88"
"Embry-Riddle Aeronautical University Unmanned Autonomous Systems Facility","[{""url"":""http://flsenate.gov/Session/Bill/2018/02701/ByCategory""}]","fl","2018","{""last"":""2018-03-11 00:00:00"",""signed"":null}","FLB00016539","HB 2701"
"Palm Beach County Sheriff's Office Expansion of the Unmanned Aircraft System.","[{""url"":""http://flsenate.gov/Session/Bill/2018/03163/ByCategory""}]","fl","2018","{""last"":""2018-03-11 00:00:00"",""signed"":null}","FLB00016809","HB 3163"
"Unmanned Aircraft","[{""url"":""http://flsenate.gov/Session/Bill/2018/00471/ByCategory""}]","fl","2018","{""last"":""2018-03-10 00:00:00"",""signed"":null}","FLB00015992","HB 471"
"Palm Beach County Sheriff's Office for Expansion of the Unmanned Aircraft System","[{""url"":""http://flsenate.gov/Session/Bill/2017/02933/ByCategory""}]","fl","2017","{""last"":""2017-05-08 00:00:00"",""signed"":null}","FLB00014112","HB 2933"
"Unmanned Devices","[{""url"":""http://flsenate.gov/Session/Bill/2017/01027/ByCategory""}]","fl","2017","{""last"":""2017-05-05 00:00:00"",""signed"":null}","FLB00013506","HB 1027"
"Unmanned Devices","[{""url"":""http://flsenate.gov/Session/Bill/2017/00832/ByCategory""}]","fl","2017","{""last"":""2017-05-03 00:00:00"",""signed"":null}","FLB00012477","SB 832"
"Unmanned aircraft systems or drones, prohibited from flying over certain facilities, sale, operation, manufacturing of drones equipped with a weapon are prohibited, criminal penalties, use by governmental agencies authorized under certain conditions, rulemaking authority, Unmanned Aircraft Systems Act, Secs. 13A-6-24, 13A-6-90.1, 13A-7-22, 13A-10-2, 13A-10-38, 13A-11-32, 23-1-388 am'd.","[{""url"":""http://alisondb.legislature.state.al.us/Alison/SESSBillsList.aspx?STATUSCODES=Had%20First%20Reading%20House%20of%20Origin&BODY=999999""},{""url"":""http://alisondb.legislature.state.al.us/Alison/SESSBillStatusResult.aspx?BILL=SB372""}]","al","2017rs","{""last"":""2017-04-13 04:00:00"",""signed"":null}","ALB00012682","SB 372"
"Unmanned aircraft systems or drones, prohibited from flying over certain facilities, sale, operation, manufacturing of drones equipped with a weapon are prohibited, criminal penalties, use by governmental agencies authorized under certain conditions, rulemaking authority, Unmanned Aircraft Systems Act, Secs. 13A-6-24, 13A-6-90.1, 13A-7-22, 13A-10-2, 13A-10-38, 13A-11-32, 23-1-388 am'd.","[{""url"":""http://alisondb.legislature.state.al.us/Alison/SESSBillsList.aspx?STATUSCODES=Had%20First%20Reading%20House%20of%20Origin&BODY=999999""},{""url"":""http://alisondb.legislature.state.al.us/Alison/SESSBillStatusResult.aspx?BILL=HB507""}]","al","2017rs","{""last"":""2017-04-13 04:00:00"",""signed"":null}","ALB00012683","HB 507"
"Unmanned aircraft systems or drones, use of prohibited under certain conditions, criminal penalties, injunctive relief, use by governmental agencies authorized under certain conditions, rulemaking authority, Unmanned Aircraft Systems Act, Secs. 13A-6-24, 13A-6-90.1, 13A-7-22, 13A-10-2, 13A-10-38, 13A-11-32, 23-1-388 am'd.","[{""url"":""http://alisondb.legislature.state.al.us/Alison/SESSBillsList.aspx?STATUSCODES=Had%20First%20Reading%20House%20of%20Origin&BODY=999999""},{""url"":""http://alisondb.legislature.state.al.us/Alison/SESSBillStatusResult.aspx?BILL=HB498""}]","al","2017rs","{""last"":""2017-04-11 04:00:00"",""signed"":null}","ALB00012641","HB 498"
"Unmanned aircraft systems or drones, use of prohibited under certain conditions, criminal penalties, injuctive relief, use by governmental agencies authorized under certain conditions, Unmanned Aircraft Systems Act","[{""url"":""http://alisondb.legislature.state.al.us/Alison/SESSBillsList.aspx?STATUSCODES=Had%20First%20Reading%20House%20of%20Origin&BODY=999999""},{""url"":""http://alisondb.legislature.state.al.us/Alison/SESSBillResult.aspx?BILL=SB378""}]","al","2016rs","{""last"":""2016-04-05 00:00:00"",""signed"":null}","ALB00011155","SB 378"
"Unmanned aircraft systems or drones, use of prohibited under certain conditions, criminal penalties, injuctive relief, use by governmental agencies authorized under certain conditions, Unmanned Aircraft Systems Act","[{""url"":""http://alisondb.legislature.state.al.us/Alison/SESSBillsList.aspx?STATUSCODES=Had%20First%20Reading%20House%20of%20Origin&BODY=999999""},{""url"":""http://alisondb.legislature.state.al.us/Alison/SESSBillResult.aspx?BILL=HB471""}]","al","2016rs","{""last"":""2016-03-23 00:00:00"",""signed"":null}","ALB00011118","HB 471"
"Auburn University Aviation Center Unmanned Aircraft Flight School, recognized","[{""url"":""http://alisondb.legislature.state.al.us/Alison/SESSResList.aspx?STATUSCODES=Had%20First%20Reading%20House%20of%20Origin&BODY=999999""},{""url"":""http://alisondb.legislature.state.al.us/Alison/SESSBillResult.aspx?BILL=HJR166""}]","al","2015rs","{""last"":""2015-05-07 00:00:00"",""signed"":null}","ALB00009198","HJR 166"
"unmanned aircraft; emergencies; immunity","[{""url"":""https://apps.azleg.gov/BillStatus/BillOverview/70036?SessionId=119""}]","az","53rd-2nd-regular","{""last"":""2018-04-03 00:00:00"",""signed"":""2018-04-03 00:00:00""}","AZB00012636","HB 2272"
"Unmanned aircraft systems.","[{""url"":""http://leginfo.legislature.ca.gov/faces/billNavClient.xhtml?bill_id=201720180AB3173""}]","ca","20172018","{""last"":""2018-08-09 00:00:00"",""signed"":null}","CAB00026740","AB 3173"
"Unmanned aircraft systems: correctional facilities.","[{""url"":""http://leginfo.legislature.ca.gov/faces/billNavClient.xhtml?bill_id=201720180SB1355""}]","ca","20172018","{""last"":""2018-08-09 00:00:00"",""signed"":null}","CAB00027534","SB 1355"
"Unmanned aircraft systems: correctional facilities.","[{""url"":""http://leginfo.legislature.ca.gov/faces/billNavClient.xhtml?bill_id=201720180SB1355""}]","ca","20172018","{""last"":""2018-04-03 00:00:00"",""signed"":null}","CAB00026985","SB 1355"
"Pest control aircraft pilot's certificate: unmanned aircraft.","[{""url"":""http://leginfo.legislature.ca.gov/faces/billNavClient.xhtml?bill_id=201720180AB527""}]","ca","20172018","{""last"":""2017-10-02 00:00:00"",""signed"":""2017-10-02 00:00:00""}","CAB00020734","AB 527"
"AN ACT relating to public safety. Amend KRS 446.010 to define ""unmanned aircraft system""; create a new section of KRS Chapter 500 to prescribe permitted and prohibited uses of drones; provide exceptions; prohibit use of evidence obtained by a drone in violation of stated prohibitions; authorize that section to be cited as the ""Citizens' Freedom from Unwarranted Surveillance Act""; create a new section of KRS Chapter 501 to clarify criminal liability for offenses committed using a drone; create a new section of KRS Chapter 525 to create the offense of obstructing an emergency responder.","[{""url"":""http://www.lrc.ky.gov/record/18RS/HB22.htm""}]","ky","2018RS","{""last"":""2018-03-24 00:00:00"",""signed"":null}","KYB00009431","HB 22"
"AN ACT relating to the lawful taking of wildlife. Amend KRS 150.363 to define ""unmanned aircraft systems"" and prohibit the use of unmanned aircraft systems to track, hunt, or harvest wildlife; amend KRS 150.710 to prohibit the use of unmanned aircraft systems to conduct surveillance of persons lawfully engaged in hunting, trapping, or fishing.","[{""url"":""http://www.lrc.ky.gov/record/18RS/SB42.htm""}]","ky","2018RS","{""last"":""2018-01-04 00:00:00"",""signed"":null}","KYB00009322","SB 42"
"AN ACT relating to aviation safety. Create an new section of KRS Chapter 183 to allow airports to prepare unmanned aircraft facility maps; require the map to be filed with the secretary of the airport board and published on the airport's Web site; require consultation in developing the map with the FAA control tower at an airport, if one exists; restrict the scope of a map to approach surface areas defined by federal regulations; mandate that any such map restricting the operation of unmanned aircraft published by the FAA shall be the unmanned aircraft facility map for that airport; create an new section of KRS Chapter 183 to prohibit the operator of an unmanned aircraft or the operator's supervisor from operating or allowing the operation of an unmanned aircraft in a reckless manner or a manner that would cause an incursion, exempt unmanned aircraft operated from commercial purposes in accordance with FAA regulations; amend KRS 189.011 to define the terms ""operate,"" ""operator,"" ""unmanned aircraft,"" and ""unmanned aircraft facility map""; amend KRS 183.990 to provide penalties.","[{""url"":""http://www.lrc.ky.gov/record/17RS/HB540.htm""}]","ky","2017RS","{""last"":""2017-03-30 00:00:00"",""signed"":null}","KYB00008963","HB 540"
"AN ACT relating to protection of critical infrastructure. Create a new section of Chapter 183 to create the offense of unlawful use of an unmanned aircraft system; define ""critical infrastructure,"" "" unmanned aircraft,"" and ""unmanned aircraft system""; prohibit the use of an unmanned aircraft system to collect evidence or information about critical infrastructure without prior written consent and make the unlawful use of an unmanned aircraft system for this purpose a Class A or Class B misdemeanor.","[{""url"":""http://www.lrc.ky.gov/record/17RS/SB51.htm""}]","ky","2017RS","{""last"":""2017-01-07 00:00:00"",""signed"":null}","KYB00008128","SB 51"
"Unmanned aircraft (drones) registration requirement","[{""url"":""https://www.revisor.mn.gov/bills/bill.php?b=Senate&f=SF2043&ssn=0&y=2017""}]","mn","2017-2018","{""last"":""2017-03-13 00:00:00"",""signed"":null}","MNB00032736","SF 2043"
"Unmanned aircraft registration provided, and registration tax refund provided.","[{""url"":""https://www.revisor.mn.gov/bills/bill.php?b=House&f=HF0858&ssn=0&y=2017""}]","mn","2017-2018","{""last"":""2017-03-07 00:00:00"",""signed"":null}","MNB00029894","HF 858"
"Law enforcement agencies use of unmanned aerial cameras (drones) to gather evidence under certain circumstances prohibition","[{""url"":""https://www.revisor.mn.gov/bills/bill.php?b=Senate&f=SF1529&ssn=0&y=2017""}]","mn","2017-2018","{""last"":""2017-02-27 00:00:00"",""signed"":null}","MNB00031599","SF 1529"
"Unmanned aerial vehicle use by law enforcement agencies regulated.","[{""url"":""https://www.revisor.mn.gov/bills/bill.php?b=House&f=HF1450&ssn=0&y=2017""}]","mn","2017-2018","{""last"":""2017-02-20 00:00:00"",""signed"":null}","MNB00030995","HF 1450"
"Unmanned aerial vehicles (drones) use by law enforcement agencies regulation","[{""url"":""https://www.revisor.mn.gov/bills/bill.php?b=Senate&f=SF1094&ssn=0&y=2017""}]","mn","2017-2018","{""last"":""2017-02-16 00:00:00"",""signed"":null}","MNB00030609","SF 1094"
"Unmanned aerial camera use by law enforcement agencies to gather evidence prohibited, and civil actions authorized.","[{""url"":""https://www.revisor.mn.gov/bills/bill.php?b=House&f=HF1200&ssn=0&y=2017""}]","mn","2017-2018","{""last"":""2017-02-15 00:00:00"",""signed"":null}","MNB00030678","HF 1200"
"Unmanned aircraft system use to take, harm, or harass wild animals prohibited.","[{""url"":""https://www.revisor.mn.gov/bills/bill.php?b=House&f=HF0366&ssn=0&y=2017""}]","mn","2017-2018","{""last"":""2017-01-26 00:00:00"",""signed"":null}","MNB00028919","HF 366"
"Unmanned aircraft (drones) taking, harming, or harassing wild animals prohibition","[{""url"":""https://www.revisor.mn.gov/bills/bill.php?b=Senate&f=SF0124&ssn=0&y=2017""}]","mn","2017-2018","{""last"":""2017-01-17 00:00:00"",""signed"":null}","MNB00028707","SF 124"
"UNMANNED AIRCRAFT SYSTEMS","[{""url"":""http://ilga.gov/legislation/BillStatus.asp?DocNum=3291&GAID=14&DocTypeID=SB&LegId=111112&SessionID=91&GA=100""}]","il","100th","{""last"":""2018-08-03 00:00:00"",""signed"":""2018-08-03 00:00:00""}","ILB00104795","SB 3291"
"CRIM CD-UNMANNED AERIAL VEH","[{""url"":""http://ilga.gov/legislation/BillStatus.asp?DocNum=4122&GAID=14&DocTypeID=HB&LegId=108074&SessionID=91&GA=100""}]","il","100th","{""last"":""2017-10-24 00:00:00"",""signed"":null}","ILB00101954","HB 4122"
"A concurrent resolution supporting the development of the unmanned aircraft systems industry in North Dakota and throughout the United States, congratulating the Federal Aviation Administration on the first Beyond Visual Line of Sight Certificate of Authorization in the United States, and encouraging further cooperation with the Federal Aviation Administration to safely integrate unmanned aircraft systems into the national airspace.","[{""url"":""http://www.legis.nd.gov/assembly/65-2017/bill-actions/ba4014.html""}]","nd","65","{""last"":""2017-04-21 00:00:00"",""signed"":null}","NDB00003608","SCR 4014"
"A BILL for an Act to create and enact a new section to chapter 29‑29.4 of the North Dakota Century Code, relating to remedies for violations of unmanned aerial vehicles; to amend and reenact subsection 1 of section 29‑29.4‑05 of the North Dakota Century Code, relating to prohibited uses for unmanned aerial vehicles; and to provide a penalty.","[{""url"":""http://www.legis.nd.gov/assembly/65-2017/bill-actions/ba1167.html""}]","nd","65","{""last"":""2017-02-21 00:00:00"",""signed"":null}","NDB00003105","HB 1167"
"An Act relative to unmanned aerial vehicles","[{""url"":""https://malegislature.gov/Bills/190/H3496""}]","ma","190th","{""last"":""2018-08-09 00:00:00"",""signed"":null}","MAB00026440","H 3496"
"An Act to regulate the use of unmanned aerial vehicles","[{""url"":""https://malegislature.gov/Bills/190/H3581""}]","ma","190th","{""last"":""2018-08-09 00:00:00"",""signed"":null}","MAB00026586","H 3581"
"An Act to regulate the use of unmanned aerial vehicles","[{""url"":""https://malegislature.gov/Bills/190/S1349""}]","ma","190th","{""last"":""2018-02-26 00:00:00"",""signed"":null}","MAB00022027","S 1349"
"An Act relative to the use of unmanned aerial systems","[{""url"":""https://malegislature.gov/Bills/190/S1348""}]","ma","190th","{""last"":""2018-02-26 00:00:00"",""signed"":null}","MAB00022684","S 1348"
"A resolution urging the Federal Aviation Administration to accept Kansas’ application for the Unmanned Aerial Systems Integration Pilot Program.","[{""url"":""http://www.kslegislature.org/li/api/v11/rev-1/bill_status/hr6043""},{""url"":""http://www.kslegislature.org/li/b2017_18/year1/measures/hr6043/""}]","ks","2017-2018","{""last"":""2018-02-15 00:00:00"",""signed"":null}","KSB00005467","HR 6043"
"A resolution urging the Federal Aviation Administration to accept Kansas’ application for the Unmanned Aerial Systems Integration Pilot Program.","[{""url"":""http://www.kslegislature.org/li/api/v11/rev-1/bill_status/sr1759""},{""url"":""http://www.kslegislature.org/li/b2017_18/year1/measures/sr1759/""}]","ks","2017-2018","{""last"":""2018-01-22 00:00:00"",""signed"":null}","KSB00005339","SR 1759"
"CRIME/PUNISHMENT:  Provides relative to crimes involving the use of an unmanned aircraft system. (gov sig)","[{""url"":""http://www.legis.la.gov/Legis/BillInfo.aspx?i=230679""}]","la","2016","{""last"":""2016-05-18 00:00:00"",""signed"":null}","LAB00016460","SB 472"
"AGRICULTURE:  Provides for the establishment of an unmanned aerial system registration and licensing fees","[{""url"":""http://www.legis.la.gov/Legis/BillInfo.aspx?i=229105""}]","la","2016","{""last"":""2016-05-10 00:00:00"",""signed"":null}","LAB00015520","HB 335"
"CRIME/PUNISHMENT:  Creates the crime of criminal trespass by unmanned aircraft. (gov sig)","[{""url"":""http://www.legis.la.gov/Legis/BillInfo.aspx?i=229134""}]","la","2016","{""last"":""2016-04-27 00:00:00"",""signed"":null}","LAB00014971","SB 124"
"CRIME:  Prohibits use of an unmanned aircraft system to conduct surveillance or collect information about a school, school premises, or correctional facilities","[{""url"":""http://www.legis.la.gov/Legis/BillInfo.aspx?i=228483""}]","la","2016","{""last"":""2016-04-25 00:00:00"",""signed"":null}","LAB00014162","HB 19"
"CRIME/PUNISHMENT:  Provides relative to crimes involving the use of unmanned aircraft systems. (gov sig)","[{""url"":""http://www.legis.la.gov/Legis/BillInfo.aspx?i=229177""}]","la","2016","{""last"":""2016-04-13 00:00:00"",""signed"":null}","LAB00014535","SB 141"
"CRIME:  Adds the use of unmanned aircraft systems as elements of certain crimes involving the invasion of privacy (EG INCREASE GF EX See Note)","[{""url"":""http://www.legis.la.gov/Legis/BillInfo.aspx?i=229551""}]","la","2016","{""last"":""2016-04-12 00:00:00"",""signed"":null}","LAB00014748","HB 635"
"CRIME:  Prohibits and provides criminal penalties for the use of unmanned aircraft in certain areas and for certain purposes (OR SEE FISC NOTE LF EX See Note)","[{""url"":""http://www.legis.la.gov/Legis/BillInfo.aspx?i=229780""}]","la","2016","{""last"":""2016-03-14 00:00:00"",""signed"":null}","LAB00015055","HB 811"
"Unmanned aircraft system; prohibit use of near correctional facilities.","[{""url"":""http://billstatus.ls.state.ms.us/documents/2018/pdf/HB/1100-1199/HB1142PS.pdf""},{""url"":""http://billstatus.ls.state.ms.us/2018/pdf/House_authors/Kinkade.xml""},{""url"":""http://billstatus.ls.state.ms.us/2018/pdf//history/HB/HB1142.xml""}]","ms","2018","{""last"":""2018-02-27 06:00:00"",""signed"":null}","MSB00035704","HB 1142"
"Unmanned aircrafts; prohibit counties and municipalities from regulating for certain purposes.","[{""url"":""http://billstatus.ls.state.ms.us/documents/2018/pdf/HB/1200-1299/HB1220IN.pdf""},{""url"":""http://billstatus.ls.state.ms.us/2018/pdf/House_authors/Touchstone.xml""},{""url"":""http://billstatus.ls.state.ms.us/2018/pdf//history/HB/HB1220.xml""}]","ms","2018","{""last"":""2018-01-30 06:00:00"",""signed"":null}","MSB00035924","HB 1220"
"Local governments; preempt authority to regulate the testing or operation of unmanned aircraft systems for business purposes.","[{""url"":""http://billstatus.ls.state.ms.us/documents/2018/pdf/SB/2500-2599/SB2569IN.pdf""},{""url"":""http://billstatus.ls.state.ms.us/2018/pdf/Senate_authors/Parks.xml""},{""url"":""http://billstatus.ls.state.ms.us/2018/pdf/House_authors/Michel.xml""},{""url"":""http://billstatus.ls.state.ms.us/2018/pdf//history/SB/SB2569.xml""}]","ms","2018","{""last"":""2018-01-30 06:00:00"",""signed"":null}","MSB00036125","SB 2569"
"AN ACT TO AMEND THE CODE OF LAWS OF SOUTH CAROLINA, 1976, BY ADDING SECTION 24-1-300 SO AS TO PROVIDE THAT IT IS UNLAWFUL TO OPERATE AN UNMANNED AERIAL VEHICLE NEAR A DEPARTMENT OF CORRECTIONS FACILITY BY CERTAIN PERSONS, TO PROVIDE PENALTIES FOR VIOLATING THIS PROVISION, AND TO PROVIDE FOR THE CONFISCATION AND RELEASE OF CERTAIN UNMANNED AERIAL VEHICLES UNDER CERTAIN CIRCUMSTANCES; BY ADDING SECTION 24-5-175 SO AS TO PROVIDE THAT IT IS UNLAWFUL TO OPERATE AN UNMANNED AERIAL VEHICLE NEAR A LOCAL DETENTION FACILITY BY CERTAIN PERSONS, TO PROVIDE PENALTIES FOR VIOLATING THIS PROVISION, AND TO PROVIDE FOR THE CONFISCATION AND RELEASE OF CERTAIN UNMANNED AERIAL VEHICLES UNDER CERTAIN CIRCUMSTANCES; BY ADDING SECTION 24-1-310 SO AS TO PROVIDE THAT THE DEPARTMENT OF CORRECTIONS SHALL PETITION THE FEDERAL AVIATION ADMINISTRATION (FAA) TO DESIGNATE CERTAIN DETENTION AND CORRECTIONAL FACILITIES AS FIXED-SITE FACILITIES AND THE STATE AERONAUTICS COMMISSION SHALL PUBLISH DESIGNATIONS BY THE FAA ON THE COMMISSION'S WEBSITE; AND BY ADDING SECTION 24-1-320 SO AS TO PROVIDE THAT THE DEPARTMENT OF CORRECTIONS AND LOCAL DETENTION FACILITIES SHALL PROVIDE THE STATE AERONAUTICS COMMISSION A LIST OF DESIGNATED SITES OR FACILITIES AND UNMANNED AERIAL VEHICLE BOUNDARIES. - ratified title","[{""url"":""http://www.scstatehouse.gov/billsearch.php?billnumbers=176&session=122&summary=B""}]","sc","2017-2018","{""last"":""2018-05-31 00:00:00"",""signed"":""2018-05-17 00:00:00""}","SCB00011875","S 176"
"A BILL TO AMEND ARTICLE 7, CHAPTER 11, TITLE 16 OF THE 1976 CODE, RELATING TO TRESPASSES AND THE UNLAWFUL USE OF THE PROPERTY OF OTHERS, BY ADDING SECTION 16-11-605, TO PROVIDE THAT IT IS UNLAWFUL TO OPERATE AN UNMANNED AERIAL VEHICLE WITHIN A CERTAIN DISTANCE OF A STATE OR FEDERAL MILITARY INSTALLATION AND TO PROVIDE PENALTIES FOR THE VIOLATION.","[{""url"":""http://www.scstatehouse.gov/billsearch.php?billnumbers=109&session=122&summary=B""}]","sc","2017-2018","{""last"":""2018-05-10 00:00:00"",""signed"":null}","SCB00012133","S 109"
"A BILL TO AMEND THE CODE OF LAWS OF SOUTH CAROLINA, 1976, BY ADDING SECTION 23-1-250 SO AS TO PROVIDE THAT A LAW ENFORCEMENT AGENCY MAY NOT OPERATE AN UNMANNED AERIAL VEHICLE EQUIPPED WITH FIREARMS INTENDED TO INFLICT DEADLY FORCE UPON INDIVIDUALS OR PROPERTY, TO PROVIDE THAT THIS PROVISION DOES NOT APPLY TO THE OPERATION OF A VEHICLE EQUIPPED WITH FIREARMS INTENDED TO DETONATE AND DISPOSE OF EXPLOSIVES, AND TO PROVIDE A PENALTY.","[{""url"":""http://www.scstatehouse.gov/billsearch.php?billnumbers=3265&session=122&summary=B""}]","sc","2017-2018","{""last"":""2017-01-10 00:00:00"",""signed"":null}","SCB00011815","H 3265"
"OPERATING UNMANNED AIRCRAFT NEAR PRISON","[{""url"":""http://www.nmlegis.gov/Legislation/Legislation?chamber=S&legType=B&legNo=166&year=18""}]","nm","2018","{""last"":""2018-03-21 00:00:00"",""signed"":null}","NMB00010139","SB 166"
"UNMANNED AIRCRAFT REGULATION","[{""url"":""http://www.nmlegis.gov/Legislation/Legislation?chamber=S&legType=B&legNo=348&year=17""}]","nm","2017","{""last"":""2017-02-27 00:00:00"",""signed"":null}","NMB00009084","SB 348"
"Relating to unmanned aircraft systems; and declaring an emergency.","[{""url"":""https://olis.leg.state.or.us/liz/2017R1/Measures/Overview/HB3047""}]","or","2017 Regular Session","{""last"":""2017-07-13 17:08:14"",""signed"":""2017-06-29 21:27:24""}","ORB00011496","HB 3047"
"Relating to unmanned aircraft systems.","[{""url"":""https://olis.leg.state.or.us/liz/2017R1/Measures/Overview/SB757""}]","or","2017 Regular Session","{""last"":""2017-07-08 06:38:00"",""signed"":null}","ORB00011227","SB 757"
"Relating to unmanned aircraft systems; declaring an emergency.","[{""url"":""https://olis.leg.state.or.us/liz/2017R1/Measures/Overview/HB3049""}]","or","2017 Regular Session","{""last"":""2017-07-08 06:38:00"",""signed"":null}","ORB00011495","HB 3049"
"Relating to unmanned aircraft systems.","[{""url"":""https://olis.leg.state.or.us/liz/2017R1/Measures/Overview/HB2709""}]","or","2017 Regular Session","{""last"":""2017-07-07 22:26:00"",""signed"":null}","ORB00010486","HB 2709"
"Relating to unmanned aircraft systems.","[{""url"":""https://olis.leg.state.or.us/liz/2017R1/Measures/Overview/HB3048""}]","or","2017 Regular Session","{""last"":""2017-07-07 22:26:00"",""signed"":null}","ORB00011481","HB 3048"
"Relating to unmanned aircraft systems; declaring an emergency.","[{""url"":""https://olis.leg.state.or.us/liz/2017R1/Measures/Overview/HB3046""}]","or","2017 Regular Session","{""last"":""2017-07-07 22:26:00"",""signed"":null}","ORB00011531","HB 3046"
"Regulate and create criminal offenses regarding the use of unmanned aircraft systems","[{""url"":""http://nebraskalegislature.gov/bills/search_by_date.php?SessionDay=2018""},{""url"":""http://nebraskalegislature.gov/bills/view_bill.php?DocumentID=33832""}]","ne","105","{""last"":""2018-04-18 00:00:00"",""signed"":null}","NEB00006616","LB 693"
"Unmanned Aircraft Systems Law Revisions.","[{""url"":""http://www.ncleg.net/gascripts/BillLookUp/BillLookUp.pl?Session=2017&BillID=H337&votesToView=all""}]","nc","2017","{""last"":""2017-07-21 00:00:00"",""signed"":""2017-07-21 00:00:00""}","NCB00010609","HB 337"
"Urges FAA to expand restrictions on flights of unmanned aerial vehicles.","[{""url"":""http://www.njleg.state.nj.us/downloads.asp""}]","nj","218","{""last"":""2018-02-05 05:00:00"",""signed"":null}","NJB00048641","SR 41"
"Urges FAA to expand restrictions on flights of unmanned aerial vehicles.","[{""url"":""http://www.njleg.state.nj.us/downloads.asp""}]","nj","218","{""last"":""2018-02-01 05:00:00"",""signed"":null}","NJB00048014","AR 103"
"Traffic Safety - As introduced, prohibits any political subdivision from prohibiting or limiting access to the court system to persons issued a notice of violation or citation based solely upon evidence obtained from any unmanned traffic enforcement camera used to enforce or monitor traffic control light violations. - Amends TCA Title 55, Chapter 8.","[{""url"":""http://wapp.capitol.tn.gov/apps/BillInfo/default.aspx?BillNumber=HB0779&GA=110""}]","tn","110","{""last"":""2017-05-10 00:00:00"",""signed"":null}","TNB00031677","HB 779"
"Traffic Safety - As introduced, prohibits any political subdivision from prohibiting or limiting access to the court system to persons issued a notice of violation or citation based solely upon evidence obtained from any unmanned traffic enforcement camera used to enforce or monitor traffic control light violations. - Amends TCA Title 55, Chapter 8.","[{""url"":""http://wapp.capitol.tn.gov/apps/BillInfo/default.aspx?BillNumber=SB1354&GA=110""}]","tn","110","{""last"":""2017-05-10 00:00:00"",""signed"":null}","TNB00033022","SB 1354"
"Authorizes the possession and storage of certain unmanned aerial vehicles by law enforcement and certain other persons. (BDR 44-75)","[{""url"":""http://www.leg.state.nv.us/Session/79th2017/Reports/history.cfm?ID=541""}]","nv","79","{""last"":""2017-06-06 07:00:00"",""signed"":null}","NVB00005086","SB 234"
"Revises provisions governing the operation of unmanned aerial vehicles. (BDR 44-137)","[{""url"":""http://www.leg.state.nv.us/Session/79th2017/Reports/history.cfm?ID=28""}]","nv","79","{""last"":""2017-05-19 07:00:00"",""signed"":""2017-05-19 07:00:00""}","NVB00004634","AB 11"
"Authorizes the seizure and storage of certain unmanned aerial vehicles. (BDR 44-75)","[{""url"":""http://www.leg.state.nv.us/Session/79th2017/Reports/history.cfm?ID=1037""}]","nv","79","{""last"":""2017-03-29 00:00:00"",""signed"":null}","NVB00005637","SB 234"
"Provide civil liability for unmanned aerial vehicle trespass","[{""url"":""http://laws.leg.mt.gov/legprd/LAW0203W$BSRV.ActionQuery?P_SESS=20171&P_BLTP_BILL_TYP_CD=&P_BILL_NO=&P_BILL_DFT_NO=LC2204&P_CHPT_NO=&Z_ACTION=Find&P_SBJT_SBJ_CD=&P_ENTY_ID_SEQ=""}]","mt","2017","{""last"":""2017-04-28 00:00:00"",""signed"":null}","MTB00004116","SB 170"
"Relates to regulating the use of unmanned aircraft in the state","[{""url"":""https://legislation.nysenate.gov/api/3/bills/2017-2018/S8936?summary=&detail=""},{""url"":""http://www.nysenate.gov/legislation/bills/2017/S8936""},{""url"":""http://assembly.state.ny.us/leg/?default_fld=&bn=S8936&Summary=Y&Actions=Y&Text=Y""}]","ny","2017-2018","{""last"":""2018-06-06 00:00:00"",""signed"":null}","NYB00122766","S 8936"
"Relates to regulating the use of unmanned aircraft in the state","[{""url"":""https://legislation.nysenate.gov/api/3/bills/2017-2018/A10625?summary=&detail=""},{""url"":""http://www.nysenate.gov/legislation/bills/2017/A10625""},{""url"":""http://assembly.state.ny.us/leg/?default_fld=&bn=A10625&Summary=Y&Actions=Y&Text=Y""},{""url"":""http://assembly.state.ny.us/leg/?default_fld=&bn=A10625&term=2017&Floor%26nbspVotes=Y""}]","ny","2017-2018","{""last"":""2018-05-09 00:00:00"",""signed"":null}","NYB00120669","A 10625"
"Relates to the unlawful use of an unmanned aircraft","[{""url"":""https://legislation.nysenate.gov/api/3/bills/2017-2018/A8377A?summary=&detail=""},{""url"":""http://www.nysenate.gov/legislation/bills/2017/A8377A""},{""url"":""http://assembly.state.ny.us/leg/?default_fld=&bn=A8377A&Summary=Y&Actions=Y&Text=Y""},{""url"":""http://assembly.state.ny.us/leg/?default_fld=&bn=A8377A&term=2017&Floor%26nbspVotes=Y""}]","ny","2017-2018","{""last"":""2018-04-26 00:00:00"",""signed"":null}","NYB00119146","A 8377A"
"Imposes strict liability on manufacturers, owners, and operators of unmanned motor vehicles","[{""url"":""https://legislation.nysenate.gov/api/3/bills/2017-2018/S7360?summary=&detail=""},{""url"":""http://www.nysenate.gov/legislation/bills/2017/S7360""},{""url"":""http://assembly.state.ny.us/leg/?default_fld=&bn=S7360&Summary=Y&Actions=Y&Text=Y""}]","ny","2017-2018","{""last"":""2018-01-10 00:00:00"",""signed"":null}","NYB00114449","S 7360"
"Prohibits the hunting or taking of wildlife with the aid of an unmanned aerial vehicle","[{""url"":""https://legislation.nysenate.gov/api/3/bills/2017-2018/S612?summary=&detail=""},{""url"":""http://www.nysenate.gov/legislation/bills/2017/S612""},{""url"":""http://assembly.state.ny.us/leg/?default_fld=&bn=S612&Summary=Y&Actions=Y&Text=Y""}]","ny","2017-2018","{""last"":""2018-01-03 00:00:00"",""signed"":null}","NYB00093030","S 612"
"Criminalizes the unlawful use of an unmanned aircraft","[{""url"":""https://legislation.nysenate.gov/api/3/bills/2017-2018/S1979?summary=&detail=""},{""url"":""http://www.nysenate.gov/legislation/bills/2017/S1979""},{""url"":""http://assembly.state.ny.us/leg/?default_fld=&bn=S1979&Summary=Y&Actions=Y&Text=Y""}]","ny","2017-2018","{""last"":""2018-01-03 00:00:00"",""signed"":null}","NYB00094013","S 1979"
"Includes the possession of an unmanned aircraft containing a deadly weapon within the class C felony of criminal possession of a weapon in the second degree","[{""url"":""https://legislation.nysenate.gov/api/3/bills/2017-2018/A1111?summary=&detail=""},{""url"":""http://www.nysenate.gov/legislation/bills/2017/A1111""},{""url"":""http://assembly.state.ny.us/leg/?default_fld=&bn=A1111&Summary=Y&Actions=Y&Text=Y""},{""url"":""http://assembly.state.ny.us/leg/?default_fld=&bn=A1111&term=2017&Floor%26nbspVotes=Y""}]","ny","2017-2018","{""last"":""2018-01-03 00:00:00"",""signed"":null}","NYB00094467","A 1111"
"Prohibits the hunting or taking of wildlife with the aid of an unmanned aerial vehicle","[{""url"":""https://legislation.nysenate.gov/api/3/bills/2017-2018/A1437?summary=&detail=""},{""url"":""http://www.nysenate.gov/legislation/bills/2017/A1437""},{""url"":""http://assembly.state.ny.us/leg/?default_fld=&bn=A1437&Summary=Y&Actions=Y&Text=Y""},{""url"":""http://assembly.state.ny.us/leg/?default_fld=&bn=A1437&term=2017&Floor%26nbspVotes=Y""}]","ny","2017-2018","{""last"":""2018-01-03 00:00:00"",""signed"":null}","NYB00095577","A 1437"
"Criminalizes the unlawful use of an unmanned aircraft","[{""url"":""https://legislation.nysenate.gov/api/3/bills/2017-2018/A1670?summary=&detail=""},{""url"":""http://www.nysenate.gov/legislation/bills/2017/A1670""},{""url"":""http://assembly.state.ny.us/leg/?default_fld=&bn=A1670&Summary=Y&Actions=Y&Text=Y""},{""url"":""http://assembly.state.ny.us/leg/?default_fld=&bn=A1670&term=2017&Floor%26nbspVotes=Y""}]","ny","2017-2018","{""last"":""2018-01-03 00:00:00"",""signed"":null}","NYB00096042","A 1670"
"Regulates the use of unmanned aerial vehicles by the state and political subdivisions thereof","[{""url"":""https://legislation.nysenate.gov/api/3/bills/2017-2018/A3396?summary=&detail=""},{""url"":""http://www.nysenate.gov/legislation/bills/2017/A3396""},{""url"":""http://assembly.state.ny.us/leg/?default_fld=&bn=A3396&Summary=Y&Actions=Y&Text=Y""},{""url"":""http://assembly.state.ny.us/leg/?default_fld=&bn=A3396&term=2017&Floor%26nbspVotes=Y""}]","ny","2017-2018","{""last"":""2018-01-03 00:00:00"",""signed"":null}","NYB00099850","A 3396"
"Imposes strict liability on manufacturers, owners, and operators of unmanned motor vehicles","[{""url"":""https://legislation.nysenate.gov/api/3/bills/2017-2018/A7243?summary=&detail=""},{""url"":""http://www.nysenate.gov/legislation/bills/2017/A7243""},{""url"":""http://assembly.state.ny.us/leg/?default_fld=&bn=A7243&Summary=Y&Actions=Y&Text=Y""},{""url"":""http://assembly.state.ny.us/leg/?default_fld=&bn=A7243&term=2017&Floor%26nbspVotes=Y""}]","ny","2017-2018","{""last"":""2018-01-03 00:00:00"",""signed"":null}","NYB00107008","A 7243"
"Relates to the unlawful use of an unmanned aircraft","[{""url"":""http://legislation.nysenate.gov/api/3/bills/2017-2018/A8377?summary=&detail=""},{""url"":""http://www.nysenate.gov/legislation/bills/2017/A8377""},{""url"":""http://assembly.state.ny.us/leg/?default_fld=&bn=A8377&Summary=Y&Actions=Y&Text=Y""}]","ny","2017-2018","{""last"":""2018-01-03 00:00:00"",""signed"":null}","NYB00111940","A 8377"
"Includes the possession of an unmanned aircraft containing a deadly weapon within the class C felony of criminal possession of a weapon in the second degree","[{""url"":""https://legislation.nysenate.gov/api/3/bills/2017-2018/S1955?summary=&detail=""},{""url"":""http://www.nysenate.gov/legislation/bills/2017/S1955""},{""url"":""http://assembly.state.ny.us/leg/?default_fld=&bn=S1955&Summary=Y&Actions=Y&Text=Y""}]","ny","2017-2018","{""last"":""2017-06-21 00:00:00"",""signed"":null}","NYB00095767","S 1955"
"AN ACT RELATING TO CRIMINAL PROCEDURE (Comprehensively regulates the use of unmanned aerial vehicles and the use of any information that they may generate.)","[{""url"":""http://status.rilin.state.ri.us/""}]","ri","2018","{""last"":""2018-04-12 00:00:00"",""signed"":null}","RIB00015877","HB 7756"
"AN ACT RELATING TO CRIMINAL PROCEDURE - AERIAL PRIVACY PROTECTION ACT (Prohibits law enforcement from using unmanned aerial vehicles without a proper warrant.)","[{""url"":""http://status.rilin.state.ri.us/""}]","ri","2017","{""last"":""2017-03-07 00:00:00"",""signed"":null}","RIB00012692","SB 172"
"AN ACT RELATING TO CRIMINAL PROCEDURE (Comprehensively regulates the use of unmanned aerial vehicles and the use of any information that they may generate.)","[{""url"":""http://status.rilin.state.ri.us/""}]","ri","2017","{""last"":""2017-02-28 00:00:00"",""signed"":null}","RIB00012949","HB 5521"
"An Act amending Titles 18 (Crimes and Offenses) and 53 (Municipalities Generally) of the Pennsylvania Consolidated Statutes, in burglary and other criminal intrusion, defining the offense of unlawful use of unmanned aircraft; and, in preemptions, prohibiting local regulation of unmanned aircraft.","[{""url"":""http://www.legis.state.pa.us/cfdocs/billinfo/billinfo.cfm?syear=2017&sind=0&body=H&type=B&BN=1346""},{""url"":""http://www.legis.state.pa.us/cfdocs/billinfo/bill_history.cfm?syear=2017&sind=0&body=H&type=B&BN=1346""},{""url"":""http://www.legis.state.pa.us/cfdocs/billinfo/bill_votes.cfm?syear=2017&sind=0&body=H&type=B&bn=1346""},{""url"":""http://www.legis.state.pa.us/CFDOCS/Legis/RC/Public/rc_view_byBill.cfm?sess_yr=2017&sess_ind=0&rc_body=H&bill_body=H&bill_type=B&bill_nbr=1346""},{""url"":""http://www.legis.state.pa.us/cfdocs/legis/RCC/PUBLIC/listVotes.cfm?sPick=20170&chamber=H&cteeCde=4&bBody=H&type=B&nbr=1346""},{""url"":""http://www.legis.state.pa.us/cfdocs/legis/RCC/PUBLIC/listVotes.cfm?sPick=20170&chamber=H&cteeCde=24&bBody=H&type=B&nbr=1346""},{""url"":""http://www.legis.state.pa.us/cfdocs/legis/RCC/PUBLIC/listVotes.cfm?sPick=20170&chamber=S&cteeCde=39&bBody=H&type=B&nbr=1346""},{""url"":""http://www.legis.state.pa.us/cfdocs/legis/RCC/PUBLIC/listVoteSummary.cfm?sYear=2017&sInd=0&chamber=S&cteeCde=39&theDate=06/05/2018&RollCallId=891""},{""url"":""http://www.legis.state.pa.us/cfdocs/legis/RCC/PUBLIC/listVotes.cfm?sPick=20170&chamber=H&cteeCde=44&bBody=H&type=B&nbr=1346""}]","pa","2017-2018","{""last"":""2018-06-11 04:00:00"",""signed"":null}","PAB00024459","HB 1346"
"An Act amending Title 18 (Crimes and Offenses) of the Pennsylvania Consolidated Statutes, in wiretapping and electronic surveillance, providing for unmanned aircraft surveillance.","[{""url"":""http://www.legis.state.pa.us/cfdocs/billinfo/billinfo.cfm?syear=2017&sind=0&body=H&type=B&BN=614""},{""url"":""http://www.legis.state.pa.us/cfdocs/billinfo/bill_history.cfm?syear=2017&sind=0&body=H&type=B&BN=614""},{""url"":""http://www.legis.state.pa.us/cfdocs/billinfo/bill_votes.cfm?syear=2017&sind=0&body=H&type=B&bn=614""}]","pa","2017-2018","{""last"":""2017-02-24 05:00:00"",""signed"":null}","PAB00023125","HB 614"
"Unmanned aircraft systems; allowing for certain use and restrictions of use by certain entities. Effective date.","[{""url"":""http://www.oklegislature.gov/BillInfo.aspx?Bill=SB1088&session=1800""}]","ok","2017-2018","{""last"":""2018-03-21 00:00:00"",""signed"":null}","OKB00017021","SB 1088"
"Unmanned aircraft; defining terms; prohibiting operation over certain property; providing exceptions; prescribing penalty. Effective date.","[{""url"":""http://www.oklegislature.gov/BillInfo.aspx?Bill=SB1491&session=1800""}]","ok","2017-2018","{""last"":""2018-03-21 00:00:00"",""signed"":null}","OKB00018570","SB 1491"
"Unmanned aircraft systems; directing certain use; directing creation of rules, policy and procedures. Effective date.","[{""url"":""http://www.oklegislature.gov/BillInfo.aspx?Bill=SB1100&session=1800""}]","ok","2017-2018","{""last"":""2018-03-07 00:00:00"",""signed"":null}","OKB00018392","SB 1100"
"Unmanned aircraft; prohibiting operation of unmanned aircraft over private agricultural property; exceptions; effective date.","[{""url"":""http://www.oklegislature.gov/BillInfo.aspx?Bill=HB3132&session=1800""}]","ok","2017-2018","{""last"":""2018-02-07 00:00:00"",""signed"":null}","OKB00017958","HB 3132"
"Unmanned aircraft; prohibiting operation of unmanned aircraft over private agricultural property; exceptions; effective date.","[{""url"":""http://www.oklegislature.gov/BillInfo.aspx?Bill=HB1326&session=1800""}]","ok","2017-2018","{""last"":""2017-05-24 00:00:00"",""signed"":null}","OKB00014556","HB 1326"
"exempt certain unmanned aircraft systems from the requirement to be registered as aircraft.","[{""url"":""http://www.sdlegislature.gov/Legislative_Session/Bills/Bill.aspx?Bill=22&Session=2017""}]","sd","2017","{""last"":""2017-03-27 00:00:00"",""signed"":null}","SDB00004585","SB 22"
"Concerning the use of unmanned aerial systems near certain protected marine species.","[{""url"":""http://apps.leg.wa.gov/billinfo/summary.aspx?bill=1031&year=2017""}]","wa","2017-2018","{""last"":""2018-03-08 00:00:00"",""signed"":null}","WAB00011893","HB 1031"
"Addressing the use of unmanned aircraft to deliver contraband.","[{""url"":""http://apps.leg.wa.gov/billinfo/summary.aspx?bill=2363&year=2017""}]","wa","2017-2018","{""last"":""2018-03-08 00:00:00"",""signed"":null}","WAB00014655","HB 2363"
"Prohibiting the operation of unmanned aircraft over certain facilities.","[{""url"":""http://apps.leg.wa.gov/billinfo/summary.aspx?bill=6356&year=2017""}]","wa","2017-2018","{""last"":""2018-01-12 00:00:00"",""signed"":null}","WAB00015460","SB 6356"
"Concerning unmanned aircraft.","[{""url"":""http://apps.leg.wa.gov/billinfo/summary.aspx?bill=1049&year=2017""}]","wa","2017-2018","{""last"":""2018-01-08 00:00:00"",""signed"":null}","WAB00011816","HB 1049"
"Addressing the use of unmanned aircraft to deliver contraband.","[{""url"":""http://apps.leg.wa.gov/billinfo/summary.aspx?bill=2363&year=2017""}]","wa","2017-2018","{""last"":""2018-01-03 00:00:00"",""signed"":null}","WAB00014682","HB 2363"
"Unmanned aircraft systems; work group to explore issues related system activities.","[{""url"":""http://lis.virginia.gov/cgi-bin/legp604.exe?181+sum+SB307""}]","va","2018","{""last"":""2018-03-15 00:00:00"",""signed"":null}","VAB00028449","SB 307"
"Unmanned aircraft by a locality; search warrant, exception.","[{""url"":""http://lis.virginia.gov/cgi-bin/legp604.exe?181+sum+SB186""}]","va","2018","{""last"":""2018-03-14 00:00:00"",""signed"":null}","VAB00028527","SB 186"
"Trespass; use of an unmanned aircraft system, penalty.","[{""url"":""http://lis.virginia.gov/cgi-bin/legp604.exe?181+sum+HB638""}]","va","2018","{""last"":""2018-03-12 00:00:00"",""signed"":null}","VAB00027084","HB 638"
"Unmanned aircraft systems; use by Department of State Police and Department of Transportation.","[{""url"":""http://lis.virginia.gov/cgi-bin/legp604.exe?181+sum+HB1482""}]","va","2018","{""last"":""2018-03-12 00:00:00"",""signed"":null}","VAB00029534","HB 1482"
"Unmanned aircraft systems; use by Department of State Police and Department of Transportation.","[{""url"":""http://lis.virginia.gov/cgi-bin/legp604.exe?181+sum+SB508""}]","va","2018","{""last"":""2018-03-06 00:00:00"",""signed"":null}","VAB00027504","SB 508"
"Tethered unmanned aircraft systems; use by law-enforcement agency.","[{""url"":""http://lis.virginia.gov/cgi-bin/legp604.exe?181+sum+HB1290""}]","va","2018","{""last"":""2018-02-15 00:00:00"",""signed"":null}","VAB00027964","HB 1290"
"Relating to: the operation and regulation of unmanned aircraft and providing a penalty. (FE)","[{""url"":""http://docs.legis.wisconsin.gov/2017/proposals/reg/sen/bill/sb701""}]","wi","2017 Regular Session","{""last"":""2018-01-19 06:00:00"",""signed"":null}","WIB00009465","SB 701"
"Relating to: the operation and regulation of unmanned aircraft and providing a penalty. (FE)","[{""url"":""http://docs.legis.wisconsin.gov/2017/proposals/reg/asm/bill/ab855""}]","wi","2017 Regular Session","{""last"":""2018-01-19 06:00:00"",""signed"":null}","WIB00009483","AB 855"
"Relating to regulation of unmanned aircraft systems","[{""url"":""http://www.legis.state.wv.us/Bill_Status/Bills_history.cfm?input=3005&year=2018&sessiontype=RS&btype=bill""}]","wv","2018","{""last"":""2018-04-16 00:00:00"",""signed"":""2018-03-27 00:00:00""}","WVB00015743","HB 3005"
"Relating to regulation of unmanned aircraft systems","[{""url"":""http://www.legis.state.wv.us/Bill_Status/Bills_history.cfm?input=3005&year=2017&sessiontype=RS&btype=bill""}]","wv","2017","{""last"":""2017-03-14 00:00:00"",""signed"":null}","WVB00015262","HB 3005"
"Regulating unmanned aircraft systems","[{""url"":""http://www.legis.state.wv.us/Bill_Status/Bills_history.cfm?input=9&year=2017&sessiontype=RS&btype=bill""}]","wv","2017","{""last"":""2017-03-02 00:00:00"",""signed"":null}","WVB00013871","SB 9"
"Providing operational requirements for unmanned aircraft systems","[{""url"":""http://www.legis.state.wv.us/Bill_Status/Bills_history.cfm?input=218&year=2017&sessiontype=RS&btype=bill""}]","wv","2017","{""last"":""2017-02-09 00:00:00"",""signed"":null}","WVB00013964","SB 218"
"Relating to the prosecution of certain criminal offenses relating to the capturing of images by unmanned aircraft and disposition of those images.","[{""url"":""ftp://ftp.legis.state.tx.us/bills/851/billhistory/house_bills/HB00300_HB00399/HB 378.xml""}]","tx","851","{""last"":""2017-08-07 00:00:00"",""signed"":null}","TXB00059332","HB 378"
"Relating to the prosecution of certain criminal offenses involving disabling, damaging, or destroying an unmanned aircraft.","[{""url"":""ftp://ftp.legis.state.tx.us/bills/851/billhistory/house_bills/HB00300_HB00399/HB 376.xml""}]","tx","851","{""last"":""2017-08-03 00:00:00"",""signed"":null}","TXB00059323","HB 376"
"Relating to the operation of an unmanned aircraft over certain facilities or sports venues; creating a criminal offense.","[{""url"":""ftp://ftp.legis.state.tx.us/bills/85R/billhistory/house_bills/HB01400_HB01499/HB 1424.xml""}]","tx","85","{""last"":""2017-06-15 00:00:00"",""signed"":""2017-06-15 00:00:00""}","TXB00050425","HB 1424"
"Relating to the regulation of the operation of an unmanned aircraft and the prosecution of a related criminal offense.","[{""url"":""ftp://ftp.legis.state.tx.us/bills/85R/billhistory/house_bills/HB01600_HB01699/HB 1643.xml""}]","tx","85","{""last"":""2017-06-15 00:00:00"",""signed"":""2017-06-15 00:00:00""}","TXB00050767","HB 1643"
"Relating to certain images captured by an unmanned aircraft.","[{""url"":""ftp://ftp.legis.state.tx.us/bills/85R/billhistory/senate_bills/SB00800_SB00899/SB 840.xml""}]","tx","85","{""last"":""2017-06-09 00:00:00"",""signed"":""2017-06-09 00:00:00""}","TXB00051865","SB 840"
"Relating to certain images captured by an unmanned aircraft.","[{""url"":""ftp://ftp.legis.state.tx.us/bills/85R/billhistory/senate_bills/SB00800_SB00899/SB 838.xml""}]","tx","85","{""last"":""2017-05-19 00:00:00"",""signed"":null}","TXB00052233","SB 838"
"Relating to the regulation of unmanned aircrafts by political subdivisions.","[{""url"":""ftp://ftp.legis.state.tx.us/bills/85R/billhistory/house_bills/HB03200_HB03299/HB 3238.xml""}]","tx","85","{""last"":""2017-05-09 00:00:00"",""signed"":null}","TXB00054668","HB 3238"
"Relating to certain images captured by an unmanned aircraft.","[{""url"":""ftp://ftp.legis.state.tx.us/bills/85R/billhistory/house_bills/HB00100_HB00199/HB 106.xml""}]","tx","85","{""last"":""2017-05-01 00:00:00"",""signed"":null}","TXB00048974","HB 106"
"Relating to the prosecution of the offense of operation of unmanned aircraft over correctional facility or critical infrastructure facility.","[{""url"":""ftp://ftp.legis.state.tx.us/bills/85R/billhistory/house_bills/HB00600_HB00699/HB 638.xml""}]","tx","85","{""last"":""2017-04-24 00:00:00"",""signed"":null}","TXB00048953","HB 638"
"Relating to the prosecution of the offense of operation of unmanned aircraft over correctional facility or critical infrastructure facility.","[{""url"":""ftp://ftp.legis.state.tx.us/bills/85R/billhistory/senate_bills/SB00300_SB00399/SB 395.xml""}]","tx","85","{""last"":""2017-04-13 00:00:00"",""signed"":null}","TXB00048064","SB 395"
"Relating to the prosecution of the offense of operation of an unmanned aircraft over certain facilities.","[{""url"":""ftp://ftp.legis.state.tx.us/bills/85R/billhistory/senate_bills/SB01300_SB01399/SB 1319.xml""}]","tx","85","{""last"":""2017-03-14 00:00:00"",""signed"":null}","TXB00053586","SB 1319"
"Relating to the prosecution of the offense of operation of unmanned aircraft over correctional facility or critical infrastructure facility.","[{""url"":""ftp://ftp.legis.state.tx.us/bills/85R/billhistory/senate_bills/SB00900_SB00999/SB 901.xml""}]","tx","85","{""last"":""2017-02-28 00:00:00"",""signed"":null}","TXB00051276","SB 901"
"Relating to certain images captured by an unmanned aircraft.","[{""url"":""ftp://ftp.legis.state.tx.us/bills/85R/billhistory/senate_bills/SB00800_SB00899/SB 839.xml""}]","tx","85","{""last"":""2017-02-27 00:00:00"",""signed"":null}","TXB00050809","SB 839"
"Relating to the prosecution of the offense of operation of unmanned aircraft over correctional facility or critical infrastructure facility.","[{""url"":""ftp://ftp.legis.state.tx.us/bills/85R/billhistory/senate_bills/SB00500_SB00599/SB 523.xml""}]","tx","85","{""last"":""2017-02-06 00:00:00"",""signed"":null}","TXB00049544","SB 523"
"Unmanned aircraft.","[{""url"":""http://legisweb.state.wy.us/2017/Digest/SF0170.pdf""},{""url"":""http://legisweb.state.wy.us/2017/billreference/BillReference.aspx?type=SF""}]","wy","2017","{""last"":""2017-03-08 07:00:00"",""signed"":""2017-03-08 07:00:00""}","WYB00002536","SF 170"
"H.B. 59 Unmanned Aircraft Revisions","[{""url"":""http://le.utah.gov/~2018/bills/static/HB0059.html""}]","ut","2018","{""last"":""2018-03-15 00:00:00"",""signed"":""2018-03-15 00:00:00""}","UTB00006437","HB 59"
"S.B. 111 Unmanned Aircraft Amendments","[{""url"":""http://le.utah.gov/~2017/bills/static/SB0111.html""}]","ut","2017","{""last"":""2017-03-24 00:00:00"",""signed"":""2017-03-24 00:00:00""}","UTB00005717","SB 111"
"AN ACT TO AMEND TITLE 11 OF THE DELAWARE CODE RELATING TO UNMANNED AIRCRAFT SYSTEMS.","[{""url"":""https://legis.delaware.gov/BillDetail?LegislationId=26688""}]","de","149","{""last"":""2018-06-26 00:00:00"",""signed"":null}","DEB00003794","HB 419"
"AN ACT TO AMEND TITLE 11 OF THE DELAWARE CODE RELATING TO UNMANNED AIRCRAFT SYSTEMS.","[{""url"":""https://legis.delaware.gov/BillDetail?LegislationId=26331""}]","de","149","{""last"":""2018-06-12 00:00:00"",""signed"":""2018-06-12 00:00:00""}","DEB00003526","HB 328"
"AN ACT TO AMEND TITLE 11 OF THE DELAWARE CODE RELATING TO UNMANNED AIRCRAFT SYSTEMS.","[{""url"":""https://legis.delaware.gov/BillDetail?LegislationId=26331""}]","de","149","{""last"":""2018-03-28 00:00:00"",""signed"":null}","DEB00003567","HB 328"
"REQUESTING THE DEPARTMENT OF BUSINESS, ECONOMIC DEVELOPMENT, AND TOURISM AND APPLIED RESEARCH LABORATORY AT THE UNIVERSITY OF HAWAII TO CONVENE A WORKING GROUP TO DEVELOP RECOMMENDATIONS REGARDING THE SAFE, LEGAL, AND BENEFICIAL USE OF UNMANNED AIRCRAFT SYSTEMS IN HAWAII.","[{""url"":""http://capitol.hawaii.gov/Archives/measure_indiv_Archives.aspx?billtype=SCR&billnumber=143&year=2018""}]","hi","2018 Regular Session","{""last"":""2018-04-16 00:00:00"",""signed"":null}","HIB00035481","SCR 143"
"MAKING AN APPROPRIATION FOR UNMANNED AERIAL SYSTEM TECHNOLOGIES.","[{""url"":""http://capitol.hawaii.gov/Archives/measure_indiv_Archives.aspx?billtype=HB&billnumber=1478&year=2018""}]","hi","2018 Regular Session","{""last"":""2018-03-15 00:00:00"",""signed"":null}","HIB00030102","HB 1478"
"RELATING TO UNMANNED AERIAL VEHICLES.","[{""url"":""http://capitol.hawaii.gov/Archives/measure_indiv_Archives.aspx?billtype=SB&billnumber=2160&year=2018""}]","hi","2018 Regular Session","{""last"":""2018-02-07 00:00:00"",""signed"":null}","HIB00031517","SB 2160"
"RELATING TO UNMANNED AERIAL SYSTEMS.","[{""url"":""http://capitol.hawaii.gov/Archives/measure_indiv_Archives.aspx?billtype=HB&billnumber=2655&year=2018""}]","hi","2018 Regular Session","{""last"":""2018-01-29 00:00:00"",""signed"":null}","HIB00030051","HB 2655"
"RELATING TO UNMANNED AERIAL VEHICLES.","[{""url"":""http://capitol.hawaii.gov/Archives/measure_indiv_Archives.aspx?billtype=HB&billnumber=1792&year=2018""}]","hi","2018 Regular Session","{""last"":""2018-01-22 00:00:00"",""signed"":null}","HIB00033668","HB 1792"
"RELATING TO UNMANNED AERIAL VEHICLES.","[{""url"":""http://capitol.hawaii.gov/Archives/measure_indiv_Archives.aspx?billtype=SB&billnumber=1051&year=2018""}]","hi","2018 Regular Session","{""last"":""2018-01-17 00:00:00"",""signed"":null}","HIB00031377","SB 1051"
"RELATING TO UNMANNED AERIAL VEHICLES.","[{""url"":""http://capitol.hawaii.gov/Archives/measure_indiv_Archives.aspx?billtype=SB&billnumber=454&year=2018""}]","hi","2018 Regular Session","{""last"":""2018-01-17 00:00:00"",""signed"":null}","HIB00033145","SB 454"
"RELATING TO UNMANNED AERIAL VEHICLES.","[{""url"":""http://capitol.hawaii.gov/Archives/measure_indiv_Archives.aspx?billtype=HB&billnumber=314&year=2018""}]","hi","2018 Regular Session","{""last"":""2018-01-17 00:00:00"",""signed"":null}","HIB00033498","HB 314"
"RELATING TO UNMANNED AERIAL VEHICLES.","[{""url"":""http://capitol.hawaii.gov/Archives/measure_indiv_Archives.aspx?billtype=SB&billnumber=710&year=2018""}]","hi","2018 Regular Session","{""last"":""2018-01-17 00:00:00"",""signed"":null}","HIB00034066","SB 710"
"RELATING TO UNMANNED AIRCRAFT SYSTEMS TECHNOLOGIES.","[{""url"":""http://capitol.hawaii.gov/Archives/measure_indiv_Archives.aspx?billtype=SB&billnumber=1296&year=2018""}]","hi","2018 Regular Session","{""last"":""2017-11-30 00:00:00"",""signed"":null}","HIB00030018","SB 1296"
"RELATING TO UNMANNED AERIAL SYSTEMS.","[{""url"":""http://capitol.hawaii.gov/Archives/measure_indiv_Archives.aspx?billtype=SB&billnumber=632&year=2018""}]","hi","2018 Regular Session","{""last"":""2017-11-30 00:00:00"",""signed"":null}","HIB00033046","SB 632"
"REQUESTING THE DEPARTMENT OF LAND AND NATURAL RESOURCES, IN COLLABORATION WITH THE NATIONAL OCEANIC AND ATMOSPHERIC ADMINISTRATION, TO EXPLORE THE POSSIBILITY OF USING AUTONOMOUS UNMANNED SURFACE VESSEL TECHNOLOGY TO DETECT AND CLEAN UP OCEAN DEBRIS BEFORE IT REACHES HAWAII'S REEFS AND BEACHES.","[{""url"":""http://capitol.hawaii.gov/Archives/measure_indiv_Archives.aspx?billtype=SR&billnumber=40&year=2017""}]","hi","2017 Regular Session","{""last"":""2017-05-30 00:00:00"",""signed"":null}","HIB00029500","SR 40"
"MAKING AN APPROPRIATION FOR UNMANNED AERIAL SYSTEM TECHNOLOGIES.","[{""url"":""http://capitol.hawaii.gov/Archives/measure_indiv_Archives.aspx?billtype=HB&billnumber=1478&year=2017""}]","hi","2017 Regular Session","{""last"":""2017-04-25 00:00:00"",""signed"":null}","HIB00029034","HB 1478"
"REQUESTING THE DEPARTMENT OF LAND AND NATURAL RESOURCES, IN COLLABORATION WITH THE NATIONAL OCEANIC AND ATMOSPHERIC ADMINISTRATION, TO EXPLORE THE POSSIBILITY OF USING AUTONOMOUS UNMANNED SURFACE VESSEL TECHNOLOGY TO DETECT AND CLEAN UP OCEAN DEBRIS BEFORE IT REACHES HAWAII'S REEFS AND BEACHES.","[{""url"":""http://capitol.hawaii.gov/Archives/measure_indiv_Archives.aspx?billtype=SCR&billnumber=96&year=2017""}]","hi","2017 Regular Session","{""last"":""2017-04-17 00:00:00"",""signed"":null}","HIB00029491","SCR 96"
"RELATING TO UNMANNED AERIAL VEHICLES.","[{""url"":""http://capitol.hawaii.gov/Archives/measure_indiv_Archives.aspx?billtype=HB&billnumber=314&year=2017""}]","hi","2017 Regular Session","{""last"":""2017-03-13 00:00:00"",""signed"":null}","HIB00026467","HB 314"
"RELATING TO UNMANNED AERIAL VEHICLES.","[{""url"":""http://capitol.hawaii.gov/Archives/measure_indiv_Archives.aspx?billtype=SB&billnumber=710&year=2017""}]","hi","2017 Regular Session","{""last"":""2017-02-09 00:00:00"",""signed"":null}","HIB00028844","SB 710"
"RELATING TO UNMANNED AERIAL SYSTEMS.","[{""url"":""http://capitol.hawaii.gov/Archives/measure_indiv_Archives.aspx?billtype=SB&billnumber=632&year=2017""}]","hi","2017 Regular Session","{""last"":""2017-02-08 00:00:00"",""signed"":null}","HIB00028816","SB 632"
"RELATING TO UNMANNED AERIAL VEHICLES.","[{""url"":""http://capitol.hawaii.gov/Archives/measure_indiv_Archives.aspx?billtype=SB&billnumber=1051&year=2017""}]","hi","2017 Regular Session","{""last"":""2017-02-03 00:00:00"",""signed"":null}","HIB00028349","SB 1051"
"RELATING TO UNMANNED AIRCRAFT SYSTEMS TECHNOLOGIES.","[{""url"":""http://capitol.hawaii.gov/Archives/measure_indiv_Archives.aspx?billtype=SB&billnumber=1296&year=2017""}]","hi","2017 Regular Session","{""last"":""2017-01-27 00:00:00"",""signed"":null}","HIB00029079","SB 1296"
"RELATING TO UNMANNED AERIAL VEHICLES.","[{""url"":""http://capitol.hawaii.gov/Archives/measure_indiv_Archives.aspx?billtype=SB&billnumber=454&year=2017""}]","hi","2017 Regular Session","{""last"":""2017-01-23 00:00:00"",""signed"":null}","HIB00028564","SB 454"
"UNMANNED AIRCRAFT SYSTEMS – Amends existing law to revise provisions regarding the use of unmanned aircraft systems.","[{""url"":""http://legislature.idaho.gov/sessioninfo/2018/legislation/H0539/""}]","id","2018","{""last"":""2018-02-12 00:00:00"",""signed"":null}","IDB00004616","H 539"
"Aeronautics; unmanned aerial systems; local ordinances; allow Mackinac Island to regulate unmanned aerial systems. Amends sec. 5 of 2016 PA 436 (MCL 259.305).","[{""url"":""http://legislature.mi.gov/doc.aspx?2017-SB-0715""}]","mi","2017-2018","{""last"":""2018-05-10 04:00:00"",""signed"":null}","MIB00014435","SB 715"
"Aeronautics; unmanned aerial systems; criminal responsibility for use of unmanned aerial vehicle; define as an extension of the person. Amends 2016 PA 436 (MCL 259.301 - 259.331) by adding sec. 20.","[{""url"":""http://legislature.mi.gov/doc.aspx?2018-HB-5494""}]","mi","2017-2018","{""last"":""2018-04-10 04:00:00"",""signed"":null}","MIB00014645","HB 5494"
"Crimes; other; prohibition on using an unmanned aircraft in a manner that interferes with the operations of a key facility; provide for. Amends 1931 PA 328 (MCL 750.1 - 750.568) by adding sec. 45a.","[{""url"":""http://legislature.mi.gov/doc.aspx?2018-HB-5495""}]","mi","2017-2018","{""last"":""2018-04-10 04:00:00"",""signed"":null}","MIB00014665","HB 5495"
"Criminal procedure; sentencing guidelines; sentencing guidelines for using an unmanned aircraft in a manner that interferes with the operations of a key facility; provide for. Amends sec. 16b, ch. XVII of 1927 PA 175 (MCL 777.16b). TIE BAR WITH: HB 5495'18","[{""url"":""http://legislature.mi.gov/doc.aspx?2018-HB-5498""}]","mi","2017-2018","{""last"":""2018-04-10 04:00:00"",""signed"":null}","MIB00014677","HB 5498"
"Aeronautics; other; Michigan aeronautics commission; establish duties under the unmanned aircraft systems act. Amends sec. 3 of 2016 PA 436 (MCL 259.303) & adds sec. 30.","[{""url"":""http://legislature.mi.gov/doc.aspx?2018-HB-5496""}]","mi","2017-2018","{""last"":""2018-04-10 04:00:00"",""signed"":null}","MIB00014685","HB 5496"
"Aeronautics; unmanned aerial systems; definition of public safety officials; expand. Amends sec. 21 of 2016 PA 436 (MCL 259.321).","[{""url"":""http://legislature.mi.gov/doc.aspx?2018-HB-5497""}]","mi","2017-2018","{""last"":""2018-04-10 04:00:00"",""signed"":null}","MIB00014699","HB 5497"
"Crimes; other; prohibition on using an unmanned aircraft in a manner that interferes with the operations of a key facility; provide for. Amends 1931 PA 328 (MCL 750.1 - 750.568) by adding sec. 45a.","[{""url"":""http://legislature.mi.gov/doc.aspx?2018-SB-0921""}]","mi","2017-2018","{""last"":""2018-03-21 04:00:00"",""signed"":null}","MIB00015135","SB 921"
"Aeronautics; unmanned aerial systems; interference with public safety officials; revise list of included officials. Amends sec. 21 of 2016 PA 436 (MCL 259.321).","[{""url"":""http://legislature.mi.gov/doc.aspx?2018-SB-0917""}]","mi","2017-2018","{""last"":""2018-03-21 04:00:00"",""signed"":null}","MIB00015136","SB 917"
"Aeronautics; unmanned aerial systems; unmanned aerial systems joint program office (UASJPO); create. Amends sec. 3 of 2016 PA 436 (MCL 259.303) & adds sec. 30.","[{""url"":""http://legislature.mi.gov/doc.aspx?2018-SB-0918""}]","mi","2017-2018","{""last"":""2018-03-21 04:00:00"",""signed"":null}","MIB00015137","SB 918"
"Crimes; trespassing; prohibition on interference with a key facility by use of an unmanned aerial vehicle; provide for. Amends 2016 PA 436 (MCL 259.301 - 259.331) by adding sec. 21a.","[{""url"":""http://legislature.mi.gov/doc.aspx?2018-SB-0920""}]","mi","2017-2018","{""last"":""2018-03-21 04:00:00"",""signed"":null}","MIB00015140","SB 920"
"Criminal procedure; sentencing guidelines; sentencing guidelines for using an unmanned aircraft in a manner that interferes with the operations of a key facility; provide for. Amends sec. 16b, ch. XVII of 1927 PA 175 (MCL 777.16b). TIE BAR WITH: SB 0921'18","[{""url"":""http://legislature.mi.gov/doc.aspx?2018-SB-0922""}]","mi","2017-2018","{""last"":""2018-03-21 04:00:00"",""signed"":null}","MIB00015144","SB 922"
"Aeronautics; unmanned aerial systems; criminal responsibility for use of unmanned aerial vehicle; define as an extension of the person. Amends 2016 PA 436 (MCL 259.301 - 259.331) by adding sec. 20.","[{""url"":""http://legislature.mi.gov/doc.aspx?2018-SB-0919""}]","mi","2017-2018","{""last"":""2018-03-21 04:00:00"",""signed"":null}","MIB00015147","SB 919"
"Corrections; other; use of unmanned aircrafts to deliver wireless communication devices into or onto a correctional facility; prohibit. Amends sec. 3a of 1909 PA 17 (MCL 800.283a). TIE BAR WITH: HB 5427'18","[{""url"":""http://legislature.mi.gov/doc.aspx?2018-HB-5588""}]","mi","2017-2018","{""last"":""2018-02-20 05:00:00"",""signed"":null}","MIB00014844","HB 5588"
"Corrections; other; use of unmanned aerial vehicles to deliver certain items into a correctional facility; prohibit. Amends secs. 1, 1a & 3 of 1909 PA 17 (MCL 800.281 et seq.).","[{""url"":""http://legislature.mi.gov/doc.aspx?2018-HB-5427""}]","mi","2017-2018","{""last"":""2018-01-18 05:00:00"",""signed"":null}","MIB00014560","HB 5427"
"Aeronautics; unmanned aerial systems; enforcement of federal statutes and laws pertaining to drones by state law enforcement agencies; require negotiation of a memorandum of understanding to allow. Amends 2016 PA 436 (MCL 259.301 - 259.331) by adding sec. 30.","[{""url"":""http://legislature.mi.gov/doc.aspx?2017-HB-5118""}]","mi","2017-2018","{""last"":""2017-10-18 04:00:00"",""signed"":null}","MIB00014084","HB 5118"
"Aeronautics; unmanned aerial systems; operating unmanned aerial vehicles in violation of act; provide penalties. Amends sec. 23 of 2016 PA 436 (MCL 259.323). TIE BAR WITH: HB 4248'17","[{""url"":""http://legislature.mi.gov/doc.aspx?2017-HB-4249""}]","mi","2017-2018","{""last"":""2017-02-21 05:00:00"",""signed"":null}","MIB00012428","HB 4249"
"Aeronautics; unmanned aerial systems; operating unmanned aerial vehicles within 1,000 feet of certain government facilities; prohibit. Amends 2016 PA 436 (MCL 259.301 - 259.331) by adding sec. 20. TIE BAR WITH: HB 4249'17","[{""url"":""http://legislature.mi.gov/doc.aspx?2017-HB-4248""}]","mi","2017-2018","{""last"":""2017-02-21 05:00:00"",""signed"":null}","MIB00012435","HB 4248"
"Traffic control; violations; use of unmanned traffic monitoring device for ticketing traffic infractions; prohibit, and prohibit secretary of state from assigning points against individual under certain circumstances. Amends sec. 320a of 1949 PA 300 (MCL 257.320a) & adds sec. 751.","[{""url"":""http://legislature.mi.gov/doc.aspx?2017-SB-0151""}]","mi","2017-2018","{""last"":""2017-02-09 05:00:00"",""signed"":null}","MIB00012332","SB 151"
"Aviation; unmanned aircraft systems; provide for preemption","[{""url"":""http://webservices.legis.ga.gov/GGAServices/Members/Service.svc?wsdl""},{""url"":""http://webservices.legis.ga.gov/GGAServices/Legislation/Service.svc?wsdl""},{""url"":""http://www.legis.ga.gov/Legislation/en-US/display/2017_18/50969""}]","ga","2017_18","{""last"":""2017-07-01 00:00:00"",""signed"":""2017-05-09 00:00:00""}","GAB00016964","HB 481"
"Task Force and Pilot Program to Study the Integration of Unmanned Aircraft Systems Within State and Local Government Public Safety Operations","[{""url"":""http://mgaleg.maryland.gov/webmga/frmMain.aspx?id=HB1814&stab=01&pid=billpage&tab=subject3&ys=2018rs""}]","md","2018","{""last"":""2018-03-07 00:00:00"",""signed"":null}","MDB00032010","HB 1814"
"Correctional Facilities - Unmanned Aircraft Systems - Proximity","[{""url"":""http://mgaleg.maryland.gov/webmga/frmMain.aspx?id=SB1105&stab=01&pid=billpage&tab=subject3&ys=2017rs""}]","md","2017","{""last"":""2017-03-24 00:00:00"",""signed"":null}","MDB00028726","SB 1105"
"Correctional Facilities - Unmanned Aircraft Systems - Proximity","[{""url"":""http://mgaleg.maryland.gov/webmga/frmMain.aspx?id=HB1229&stab=01&pid=billpage&tab=subject3&ys=2017rs""}]","md","2017","{""last"":""2017-02-10 00:00:00"",""signed"":null}","MDB00028443","HB 1229"
"Unmanned Aircraft Systems Research, Development, Regulation, and Privacy Act of 2015","[{""url"":""http://mgaleg.maryland.gov/webmga/frmMain.aspx?id=SB370&stab=01&pid=billpage&tab=subject3&ys=2015rs""}]","md","2015","{""last"":""2015-05-12 00:00:00"",""signed"":""2015-05-12 00:00:00""}","MDB00021765","SB 370"
"Crimes - Unmanned Aircraft Systems - Unauthorized Surveillance","[{""url"":""http://mgaleg.maryland.gov/webmga/frmMain.aspx?id=HB620&stab=01&pid=billpage&tab=subject3&ys=2015rs""}]","md","2015","{""last"":""2015-03-19 00:00:00"",""signed"":null}","MDB00022414","HB 620"
"RESOLUTION CONFIRMING THE NOMINATION OF NUALA E. DRONEY, ESQUIRE, OF COLUMBIA TO BE A JUDGE OF THE SUPERIOR COURT.","[{""url"":""ftp://ftp.cga.ct.gov/pub/data/bill_info.csv""},{""url"":""http://www.cga.ct.gov/asp/cgabillstatus/cgabillstatus.asp?selBillType=Bill&bill_num=SJ53&which_year=2018""}]","ct","2018","{""last"":""2018-05-03 00:00:00"",""signed"":null}","CTB00018513","SJ 53"
"AN ACT CONCERNING THE USE AND REGULATION OF DRONES.","[{""url"":""ftp://ftp.cga.ct.gov/pub/data/bill_info.csv""},{""url"":""http://www.cga.ct.gov/asp/cgabillstatus/cgabillstatus.asp?selBillType=Bill&bill_num=HB7260&which_year=2017""}]","ct","2017","{""last"":""2017-05-01 00:00:00"",""signed"":null}","CTB00016960","HB 7260"
"AN ACT CONCERNING THE WEAPONIZATION OF DRONES.","[{""url"":""ftp://ftp.cga.ct.gov/pub/data/bill_info.csv""},{""url"":""http://www.cga.ct.gov/asp/cgabillstatus/cgabillstatus.asp?selBillType=Bill&bill_num=HB6895&which_year=2017""}]","ct","2017","{""last"":""2017-01-25 00:00:00"",""signed"":null}","CTB00016337","HB 6895"
"Drones","[{""url"":""http://flsenate.gov/Session/Bill/2018/00624/ByCategory""}]","fl","2018","{""last"":""2018-03-10 00:00:00"",""signed"":null}","FLB00015912","SB 624"
"Use or Operation of a Drone by Certain Offenders","[{""url"":""http://flsenate.gov/Session/Bill/2017/00939/ByCategory""}]","fl","2017","{""last"":""2017-05-05 00:00:00"",""signed"":null}","FLB00012678","HB 939"
"Use or Operation of a Drone by Certain Offenders","[{""url"":""http://flsenate.gov/Session/Bill/2017/01122/ByCategory""}]","fl","2017","{""last"":""2017-05-05 00:00:00"",""signed"":null}","FLB00012774","SB 1122"
"Unmanned aircraft systems or drones, prohibited from flying over certain facilities, sale, operation, manufacturing of drones equipped with a weapon are prohibited, criminal penalties, use by governmental agencies authorized under certain conditions, rulemaking authority, Unmanned Aircraft Systems Act, Secs. 13A-6-24, 13A-6-90.1, 13A-7-22, 13A-10-2, 13A-10-38, 13A-11-32, 23-1-388 am'd.","[{""url"":""http://alisondb.legislature.state.al.us/Alison/SESSBillsList.aspx?STATUSCODES=Had%20First%20Reading%20House%20of%20Origin&BODY=999999""},{""url"":""http://alisondb.legislature.state.al.us/Alison/SESSBillStatusResult.aspx?BILL=SB372""}]","al","2017rs","{""last"":""2017-04-13 04:00:00"",""signed"":null}","ALB00012682","SB 372"
"Unmanned aircraft systems or drones, prohibited from flying over certain facilities, sale, operation, manufacturing of drones equipped with a weapon are prohibited, criminal penalties, use by governmental agencies authorized under certain conditions, rulemaking authority, Unmanned Aircraft Systems Act, Secs. 13A-6-24, 13A-6-90.1, 13A-7-22, 13A-10-2, 13A-10-38, 13A-11-32, 23-1-388 am'd.","[{""url"":""http://alisondb.legislature.state.al.us/Alison/SESSBillsList.aspx?STATUSCODES=Had%20First%20Reading%20House%20of%20Origin&BODY=999999""},{""url"":""http://alisondb.legislature.state.al.us/Alison/SESSBillStatusResult.aspx?BILL=HB507""}]","al","2017rs","{""last"":""2017-04-13 04:00:00"",""signed"":null}","ALB00012683","HB 507"
"Unmanned aircraft systems or drones, use of prohibited under certain conditions, criminal penalties, injunctive relief, use by governmental agencies authorized under certain conditions, rulemaking authority, Unmanned Aircraft Systems Act, Secs. 13A-6-24, 13A-6-90.1, 13A-7-22, 13A-10-2, 13A-10-38, 13A-11-32, 23-1-388 am'd.","[{""url"":""http://alisondb.legislature.state.al.us/Alison/SESSBillsList.aspx?STATUSCODES=Had%20First%20Reading%20House%20of%20Origin&BODY=999999""},{""url"":""http://alisondb.legislature.state.al.us/Alison/SESSBillStatusResult.aspx?BILL=HB498""}]","al","2017rs","{""last"":""2017-04-11 04:00:00"",""signed"":null}","ALB00012641","HB 498"
"Unmanned aircraft systems or drones, use of prohibited under certain conditions, criminal penalties, injuctive relief, use by governmental agencies authorized under certain conditions, Unmanned Aircraft Systems Act","[{""url"":""http://alisondb.legislature.state.al.us/Alison/SESSBillsList.aspx?STATUSCODES=Had%20First%20Reading%20House%20of%20Origin&BODY=999999""},{""url"":""http://alisondb.legislature.state.al.us/Alison/SESSBillResult.aspx?BILL=SB378""}]","al","2016rs","{""last"":""2016-04-05 00:00:00"",""signed"":null}","ALB00011155","SB 378"
"Unmanned aircraft systems or drones, use of prohibited under certain conditions, criminal penalties, injuctive relief, use by governmental agencies authorized under certain conditions, Unmanned Aircraft Systems Act","[{""url"":""http://alisondb.legislature.state.al.us/Alison/SESSBillsList.aspx?STATUSCODES=Had%20First%20Reading%20House%20of%20Origin&BODY=999999""},{""url"":""http://alisondb.legislature.state.al.us/Alison/SESSBillResult.aspx?BILL=HB471""}]","al","2016rs","{""last"":""2016-03-23 00:00:00"",""signed"":null}","ALB00011118","HB 471"
"Drone Interference With Public Safety Operations","[{""url"":""http://leg.colorado.gov/bills/hb18-1314""}]","co","2018A","{""last"":""2018-06-06 06:00:00"",""signed"":""2018-06-06 06:00:00""}","COB00005725","HB 18-1314"
"Study Drone Use By Public Safety Agencies","[{""url"":""http://leg.colorado.gov/bills/hb17-1070""}]","co","2017A","{""last"":""2017-06-05 06:00:00"",""signed"":""2017-06-05 06:00:00""}","COB00004523","HB 17-1070"
"AN ACT relating to public safety. Amend KRS 446.010 to define ""unmanned aircraft system""; create a new section of KRS Chapter 500 to prescribe permitted and prohibited uses of drones; provide exceptions; prohibit use of evidence obtained by a drone in violation of stated prohibitions; authorize that section to be cited as the ""Citizens' Freedom from Unwarranted Surveillance Act""; create a new section of KRS Chapter 501 to clarify criminal liability for offenses committed using a drone; create a new section of KRS Chapter 525 to create the offense of obstructing an emergency responder.","[{""url"":""http://www.lrc.ky.gov/record/18RS/HB22.htm""}]","ky","2018RS","{""last"":""2018-03-24 00:00:00"",""signed"":null}","KYB00009431","HB 22"
"AN ACT relating to public safety. Amend KRS 446.010 to define ""drone""; create a new section of KRS Chapter 500 prescribe permitted and prohibited uses of drones; provide exceptions; prohibit use of evidence obtained by a drone in violation of stated prohibitions; authorize that section of the bill to be cited as the ""Citizens' Freedom from Unwarranted Surveillance Act""; create a new section of KRS Chapter 501 to clarify criminal liability for offenses committed using a drone; create a new section of KRS Chapter 525 to create the offense of obstructing an emergency responder; create new section of KRS Chapter 511 to create offense of trespass on critical infrastructure.","[{""url"":""http://www.lrc.ky.gov/record/17RS/HB291.htm""}]","ky","2017RS","{""last"":""2017-03-29 00:00:00"",""signed"":null}","KYB00008534","HB 291"
"Unmanned aircraft (drones) registration requirement","[{""url"":""https://www.revisor.mn.gov/bills/bill.php?b=Senate&f=SF2043&ssn=0&y=2017""}]","mn","2017-2018","{""last"":""2017-03-13 00:00:00"",""signed"":null}","MNB00032736","SF 2043"
"Law enforcement agencies use of unmanned aerial cameras (drones) to gather evidence under certain circumstances prohibition","[{""url"":""https://www.revisor.mn.gov/bills/bill.php?b=Senate&f=SF1529&ssn=0&y=2017""}]","mn","2017-2018","{""last"":""2017-02-27 00:00:00"",""signed"":null}","MNB00031599","SF 1529"
"Unmanned aerial vehicles (drones) use by law enforcement agencies regulation","[{""url"":""https://www.revisor.mn.gov/bills/bill.php?b=Senate&f=SF1094&ssn=0&y=2017""}]","mn","2017-2018","{""last"":""2017-02-16 00:00:00"",""signed"":null}","MNB00030609","SF 1094"
"Unmanned aircraft (drones) taking, harming, or harassing wild animals prohibition","[{""url"":""https://www.revisor.mn.gov/bills/bill.php?b=Senate&f=SF0124&ssn=0&y=2017""}]","mn","2017-2018","{""last"":""2017-01-17 00:00:00"",""signed"":null}","MNB00028707","SF 124"
"AIRCRAFT/AVIATION:  Provides for the exclusive regulation of drones by the state. (gov sig)","[{""url"":""http://www.legis.la.gov/Legis/BillInfo.aspx?i=231587""}]","la","2017","{""last"":""2017-05-22 00:00:00"",""signed"":null}","LAB00017478","SB 69"
"regulating the use of drones.","[{""url"":""http://www.gencourt.state.nh.us/bill_Status/bill_status.aspx?lsr=2554&sy=2018&sortoption=&txtsessionyear=2018""}]","nh","2018","{""last"":""2018-03-22 00:00:00"",""signed"":null}","NHB00006824","HB 1759"
"relative to flying a drone above a correctional facility.","[{""url"":""http://www.gencourt.state.nh.us/bill_Status/bill_status.aspx?lsr=0070&sy=2017&sortoption=&txtsessionyear=2017""}]","nh","2017","{""last"":""2017-11-30 00:00:00"",""signed"":null}","NHB00005671","HB 205"
"relative to the use of drones.","[{""url"":""http://www.gencourt.state.nh.us/bill_Status/bill_status.aspx?lsr=0102&sy=2017&sortoption=&txtsessionyear=2017""}]","nh","2017","{""last"":""2017-05-11 00:00:00"",""signed"":null}","NHB00005966","HB 97"
"DRONE USE-LARGE EVENT","[{""url"":""http://ilga.gov/legislation/BillStatus.asp?DocNum=2562&GAID=14&DocTypeID=SB&LegId=109479&SessionID=91&GA=100""}]","il","100th","{""last"":""2018-07-01 00:00:00"",""signed"":null}","ILB00102870","SB 2562"
"DRONE USE-LARGE EVENT","[{""url"":""http://ilga.gov/legislation/BillStatus.asp?DocNum=4405&GAID=14&DocTypeID=HB&LegId=109156&SessionID=91&GA=100""}]","il","100th","{""last"":""2018-05-16 00:00:00"",""signed"":null}","ILB00102376","HB 4405"
"CRIM CD-AERIAL DRONE-PRISON","[{""url"":""http://ilga.gov/legislation/BillStatus.asp?DocNum=5129&GAID=14&DocTypeID=HB&LegId=110750&SessionID=91&GA=100""}]","il","100th","{""last"":""2018-05-10 00:00:00"",""signed"":null}","ILB00104139","HB 5129"
"AIRPORT AUTHORITIES-DRONES","[{""url"":""http://ilga.gov/legislation/BillStatus.asp?DocNum=421&GAID=14&DocTypeID=SB&LegId=100362&SessionID=91&GA=100""}]","il","100th","{""last"":""2017-09-22 00:00:00"",""signed"":""2017-09-22 00:00:00""}","ILB00094619","SB 421"
"CRIM CD-DRONE-PRIVACY","[{""url"":""http://ilga.gov/legislation/BillStatus.asp?DocNum=3906&GAID=14&DocTypeID=HB&LegId=105893&SessionID=91&GA=100""}]","il","100th","{""last"":""2017-03-31 00:00:00"",""signed"":null}","ILB00099088","HB 3906"
"Regulate drones used by law enforcement officers","[{""url"":""https://www.legislature.ohio.gov/legislation/legislation-summary?id=GA132-SB-60""},{""url"":""http://search-prod.lis.state.oh.us/solarapi/v1/general_assembly_132/bills/sb60/""}]","oh","132","{""last"":""2017-02-22 00:00:00"",""signed"":null}","OHB00004657","SB 60"
"Drones; prohibit near and above correctional facilities.","[{""url"":""http://billstatus.ls.state.ms.us/2016/pdf//history/SB/SB2485.xml""}]","ms","2016","{""last"":""2016-03-22 00:00:00"",""signed"":null}","MSB00029299","SB 2485"
"""Drones Prohibition Near or Above State and Private Correctional Facilities Act;"" create.","[{""url"":""http://billstatus.ls.state.ms.us/2016/pdf//history/HB/HB1282.xml""}]","ms","2016","{""last"":""2016-02-23 00:00:00"",""signed"":null}","MSB00028612","HB 1282"
"Drone Regulation Act; create.","[{""url"":""http://billstatus.ls.state.ms.us/2016/pdf//history/HB/HB0582.xml""}]","ms","2016","{""last"":""2016-02-23 00:00:00"",""signed"":null}","MSB00028672","HB 582"
"Prohibit Drone Use Over Prison/Jail.","[{""url"":""http://www.ncleg.net/gascripts/BillLookUp/BillLookUp.pl?Session=2017&BillID=H128&votesToView=all""}]","nc","2017","{""last"":""2017-07-25 00:00:00"",""signed"":""2017-07-25 00:00:00""}","NCB00010261","HB 128"
"Emergency Management/Drone Use.","[{""url"":""http://www.ncleg.net/gascripts/BillLookUp/BillLookUp.pl?Session=2017&BillID=H94&votesToView=all""}]","nc","2017","{""last"":""2017-04-13 00:00:00"",""signed"":null}","NCB00010189","HB 94"
"Urges Congress and President to fund FAA Drone Test Site Program.","[{""url"":""http://www.njleg.state.nj.us/downloads.asp""}]","nj","218","{""last"":""2018-06-21 04:00:00"",""signed"":null}","NJB00046725","AR 29"
"Permits municipalities to enact ordinance prohibiting operation of drones under certain circumstances.","[{""url"":""http://www.njleg.state.nj.us/downloads.asp""}]","nj","218","{""last"":""2018-03-05 05:00:00"",""signed"":null}","NJB00049738","A 3526"
"Requires certain retailers to provide notice of FAA safety guidelines for flying drones to consumers.","[{""url"":""http://www.njleg.state.nj.us/downloads.asp""}]","nj","218","{""last"":""2018-02-05 05:00:00"",""signed"":null}","NJB00048393","S 1741"
"Requires certain retailers to provide notice of FAA safety guidelines for flying drones to consumers.","[{""url"":""http://www.njleg.state.nj.us/downloads.asp""}]","nj","218","{""last"":""2018-02-01 05:00:00"",""signed"":null}","NJB00047779","A 2881"
"Prohibits the use of drones by law enforcement entities.","[{""url"":""http://www.njleg.state.nj.us/downloads.asp""}]","nj","218","{""last"":""2018-02-01 05:00:00"",""signed"":null}","NJB00047903","A 2301"
"Requires certain drones to contain geo-fencing technology; makes violation a fourth degree crime.","[{""url"":""http://www.njleg.state.nj.us/downloads.asp""}]","nj","218","{""last"":""2018-02-01 05:00:00"",""signed"":null}","NJB00048202","A 2880"
"Requires certain drones to contain geo-fencing technology; makes violation a fourth degree crime.","[{""url"":""http://www.njleg.state.nj.us/downloads.asp""}]","nj","218","{""last"":""2018-01-09 05:00:00"",""signed"":null}","NJB00043878","S 797"
"Sets forth certain standards to be followed by law enforcement agencies and fire departments when utilizing drones.","[{""url"":""http://www.njleg.state.nj.us/downloads.asp""}]","nj","218","{""last"":""2018-01-09 05:00:00"",""signed"":null}","NJB00044557","S 577"
"Regulates and prohibits certain operation of drones.","[{""url"":""http://www.njleg.state.nj.us/downloads.asp""}]","nj","218","{""last"":""2018-01-09 05:00:00"",""signed"":null}","NJB00044833","A 1765"
"Sets forth certain standards to be followed by law enforcement agencies and fire departments when utilizing drones.","[{""url"":""http://www.njleg.state.nj.us/downloads.asp""}]","nj","218","{""last"":""2018-01-09 05:00:00"",""signed"":null}","NJB00045382","A 1463"
"Creates fourth degree crime of operating drone equipped with weapon.","[{""url"":""http://www.njleg.state.nj.us/downloads.asp""}]","nj","218","{""last"":""2018-01-09 05:00:00"",""signed"":null}","NJB00046263","A 1739"
"Drones; providing civil immunity for certain damage. Effective date.","[{""url"":""http://www.oklegislature.gov/BillInfo.aspx?Bill=SB660&session=1800""}]","ok","2017-2018","{""last"":""2017-03-15 00:00:00"",""signed"":null}","OKB00015500","SB 660"
"An Act amending Title 18 (Crimes and Offenses) of the Pennsylvania Consolidated Statutes, in obstructing governmental operations, providing for the offense of unlawful drone activity over correctional institutions.","[{""url"":""http://www.legis.state.pa.us/cfdocs/billinfo/billinfo.cfm?syear=2017&sind=0&body=S&type=B&BN=125""},{""url"":""http://www.legis.state.pa.us/cfdocs/billinfo/bill_history.cfm?syear=2017&sind=0&body=S&type=B&BN=125""},{""url"":""http://www.legis.state.pa.us/cfdocs/billinfo/bill_votes.cfm?syear=2017&sind=0&body=S&type=B&bn=125""}]","pa","2017-2018","{""last"":""2017-01-20 05:00:00"",""signed"":null}","PAB00022318","SB 125"
"regulate the use of drones under certain conditions and to provide a penalty therefor.","[{""url"":""http://www.sdlegislature.gov/Legislative_Session/Bills/Bill.aspx?Bill=80&Session=2017""}]","sd","2017","{""last"":""2017-03-27 00:00:00"",""signed"":null}","SDB00004701","SB 80"
"Establishing certain criteria for the restricted operation of drones within State Parks, Forests, and Rail Trails","[{""url"":""http://www.legis.state.wv.us/Bill_Status/Bills_history.cfm?input=4607&year=2018&sessiontype=RS&btype=bill""}]","wv","2018","{""last"":""2018-04-17 00:00:00"",""signed"":""2018-03-27 00:00:00""}","WVB00017452","HB 4607"
"Relating to the use of drone surveillance of private citizens","[{""url"":""http://www.legis.state.wv.us/Bill_Status/Bills_history.cfm?input=2384&year=2017&sessiontype=RS&btype=bill""}]","wv","2017","{""last"":""2017-02-13 00:00:00"",""signed"":null}","WVB00014149","HB 2384"
"Relates to conducting unlawful surveillance by use of a drone","[{""url"":""https://legislation.nysenate.gov/api/3/bills/2017-2018/A10939?summary=&detail=""},{""url"":""http://www.nysenate.gov/legislation/bills/2017/A10939""},{""url"":""http://assembly.state.ny.us/leg/?default_fld=&bn=A10939&Summary=Y&Actions=Y&Text=Y""},{""url"":""http://assembly.state.ny.us/leg/?default_fld=&bn=A10939&term=2017&Floor%26nbspVotes=Y""}]","ny","2017-2018","{""last"":""2018-05-29 00:00:00"",""signed"":null}","NYB00122036","A 10939"
"Relates to prohibiting civilian drone use within 1000 ft of a correctional facility","[{""url"":""https://legislation.nysenate.gov/api/3/bills/2017-2018/S2125?summary=&detail=""},{""url"":""http://www.nysenate.gov/legislation/bills/2017/S2125""},{""url"":""http://assembly.state.ny.us/leg/?default_fld=&bn=S2125&Summary=Y&Actions=Y&Text=Y""}]","ny","2017-2018","{""last"":""2018-03-20 00:00:00"",""signed"":null}","NYB00095115","S 2125"
"Imposes limitations on the use of drones within the state","[{""url"":""https://legislation.nysenate.gov/api/3/bills/2017-2018/S1174?summary=&detail=""},{""url"":""http://www.nysenate.gov/legislation/bills/2017/S1174""},{""url"":""http://assembly.state.ny.us/leg/?default_fld=&bn=S1174&Summary=Y&Actions=Y&Text=Y""}]","ny","2017-2018","{""last"":""2018-01-03 00:00:00"",""signed"":null}","NYB00093707","S 1174"
"Imposes limitations on the use of drones within the state","[{""url"":""https://legislation.nysenate.gov/api/3/bills/2017-2018/A901?summary=&detail=""},{""url"":""http://www.nysenate.gov/legislation/bills/2017/A901""},{""url"":""http://assembly.state.ny.us/leg/?default_fld=&bn=A901&Summary=Y&Actions=Y&Text=Y""},{""url"":""http://assembly.state.ny.us/leg/?default_fld=&bn=A901&term=2017&Floor%26nbspVotes=Y""}]","ny","2017-2018","{""last"":""2018-01-03 00:00:00"",""signed"":null}","NYB00094883","A 901"
"Relates to conducting unlawful surveillance by use of a drone","[{""url"":""https://legislation.nysenate.gov/api/3/bills/2017-2018/S4710?summary=&detail=""},{""url"":""http://www.nysenate.gov/legislation/bills/2017/S4710""},{""url"":""http://assembly.state.ny.us/leg/?default_fld=&bn=S4710&Summary=Y&Actions=Y&Text=Y""}]","ny","2017-2018","{""last"":""2018-01-03 00:00:00"",""signed"":null}","NYB00103839","S 4710"
"Relates to prohibiting civilian drone use within 1000 ft of a correctional facility","[{""url"":""https://legislation.nysenate.gov/api/3/bills/2017-2018/A6930?summary=&detail=""},{""url"":""http://www.nysenate.gov/legislation/bills/2017/A6930""},{""url"":""http://assembly.state.ny.us/leg/?default_fld=&bn=A6930&Summary=Y&Actions=Y&Text=Y""},{""url"":""http://assembly.state.ny.us/leg/?default_fld=&bn=A6930&term=2017&Floor%26nbspVotes=Y""}]","ny","2017-2018","{""last"":""2018-01-03 00:00:00"",""signed"":null}","NYB00105990","A 6930"
"Relates to conducting unlawful surveillance by use of a drone","[{""url"":""https://legislation.nysenate.gov/api/3/bills/2017-2018/A4674?summary=&detail=""},{""url"":""http://www.nysenate.gov/legislation/bills/2017/A4674""},{""url"":""http://assembly.state.ny.us/leg/?default_fld=&bn=A4674&Summary=Y&Actions=Y&Text=Y""},{""url"":""http://assembly.state.ny.us/leg/?default_fld=&bn=A4674&term=2017&Floor%26nbspVotes=Y""}]","ny","2017-2018","{""last"":""2017-10-11 00:00:00"",""signed"":null}","NYB00101483","A 4674"
"An act relating to prohibiting the use of drones near correctional facilities","[{""url"":""http://legislature.vermont.gov/bill/loadBillsIntroduced/2018/""},{""url"":""http://legislature.vermont.gov/bill/status/2018/H.615""},{""url"":""http://legislature.vermont.gov/bill/loadBillDetailedStatus/2018/1910""},{""url"":""http://legislature.vermont.gov/bill/loadBillRollCalls/2018/1910""}]","vt","2017-2018","{""last"":""2018-04-17 00:00:00"",""signed"":""2018-04-17 00:00:00""}","VTB00007414","H 615"
"REQUESTING THE DEPARTMENT OF BUSINESS, ECONOMIC DEVELOPMENT AND TOURISM, IN CONJUNCTION WITH THE UNIVERSITY OF HAWAII, TO CONVENE A WORKING GROUP TO DEVELOP RECOMMENDATIONS REGARDING THE SAFE, LEGAL, AND BENEFICIAL USE OF DRONES IN HAWAII.","[{""url"":""http://capitol.hawaii.gov/Archives/measure_indiv_Archives.aspx?billtype=HR&billnumber=114&year=2018""}]","hi","2018 Regular Session","{""last"":""2018-03-13 00:00:00"",""signed"":null}","HIB00035402","HR 114"
"REQUESTING THE DEPARTMENT OF BUSINESS, ECONOMIC DEVELOPMENT AND TOURISM, IN CONJUNCTION WITH THE UNIVERSITY OF HAWAII, TO CONVENE A WORKING GROUP TO DEVELOP RECOMMENDATIONS REGARDING THE SAFE, LEGAL, AND BENEFICIAL USE OF DRONES IN HAWAII.","[{""url"":""http://capitol.hawaii.gov/Archives/measure_indiv_Archives.aspx?billtype=HCR&billnumber=127&year=2018""}]","hi","2018 Regular Session","{""last"":""2018-03-13 00:00:00"",""signed"":null}","HIB00035459","HCR 127"
"Aeronautics; unmanned aerial systems; enforcement of federal statutes and laws pertaining to drones by state law enforcement agencies; require negotiation of a memorandum of understanding to allow. Amends 2016 PA 436 (MCL 259.301 - 259.331) by adding sec. 30.","[{""url"":""http://legislature.mi.gov/doc.aspx?2017-HB-5118""}]","mi","2017-2018","{""last"":""2017-10-18 04:00:00"",""signed"":null}","MIB00014084","HB 5118"
"Criminal Procedure - Government Drone Use - Limitations","[{""url"":""http://mgaleg.maryland.gov/webmga/frmMain.aspx?id=HB351&stab=01&pid=billpage&tab=subject3&ys=2016rs""}]","md","2016","{""last"":""2016-02-29 00:00:00"",""signed"":null}","MDB00023941","HB 351"